Log started at 02/28/2026 15:59:59 (2026-02-28T14:59:59Z)
Resolved project argument F:/tempProjectDir/trefort_bta/bta_repo/BTA_Launcher/BTA_Launcher.uproject to F:\tempProjectDir\trefort_bta\bta_repo\BTA_Launcher\BTA_Launcher.uproject
No config file at C:\ProgramData\Unreal Engine\UnrealBuildTool\BuildConfiguration.xml
No config file at C:\Users\timar\AppData\Local\Unreal Engine\UnrealBuildTool\BuildConfiguration.xml
No config file at C:\Users\timar\Documents\Unreal Engine\UnrealBuildTool\BuildConfiguration.xml
Configuration will be read from:
  C:\Users\timar\AppData\Roaming\Unreal Engine\UnrealBuildTool\BuildConfiguration.xml
Reading configuration file from: C:\Users\timar\AppData\Roaming\Unreal Engine\UnrealBuildTool\BuildConfiguration.xml
Reading configuration file from: F:\tempProjectDir\trefort_bta\bta_repo\BTA_Launcher\Saved\UnrealBuildTool\BuildConfiguration.xml
Reading configuration file from: C:\Users\timar\AppData\Local\UnrealEngine\Intermediate\Build\UnrealBuildTool.Env.BuildConfiguration.xml
Log file: F:\tempProjectDir\trefort_bta\bta_repo\BTA_Launcher\Saved\Logs\UnrealVersionSelector-2026.02.28-15.59.57.log

Setting temp directory to 'C:\Users\timar\AppData\Local\Temp\UnrealBuildTool\044cccfd'
    Registering build platform: UnrealBuildTool.AndroidPlatformFactory
    Registering build platform: UnrealBuildTool.IOSPlatformFactory
    Registering build platform: UnrealBuildTool.LinuxPlatformFactory
    Registering build platform: UnrealBuildTool.MacPlatformFactory
    Registering build platform: UnrealBuildTool.TVOSPlatformFactory
    Registering build platform: UnrealBuildTool.WindowsPlatformFactory
Found Windows 10 SDK root at C:\Program Files (x86)\Windows Kits\10 (1)
Found Windows 10 SDK root at C:\Program Files (x86)\Windows Kits\10 (2)
Found Windows 10 SDK version 10.0.19041.0 at C:\Program Files (x86)\Windows Kits\10
Found Universal CRT version 10.0.19041.0 at C:\Program Files (x86)\Windows Kits\10
Found Windows 10 SDK version 10.0.26100.0 at C:\Program Files (x86)\Windows Kits\10
Found Universal CRT version 10.0.26100.0 at C:\Program Files (x86)\Windows Kits\10
Win64 Installed SDK(s): MinVersion_Sdk=10.0.19041.0, MaxVersion_Sdk=10.9.99999.0, CurrentVersion_Sdk=10.0.26100.0, Version_AutoSdk=10.0.22621.0, CurrentVersion_AutoSdk=
        Registering build platform: Win64 - buildable: True
    Registering build platform: UnrealBuildTool.VisionOSPlatformFactory
Resolved project argument F:/tempProjectDir/trefort_bta/bta_repo/BTA_Launcher/BTA_Launcher.uproject to F:\tempProjectDir\trefort_bta\bta_repo\BTA_Launcher\BTA_Launcher.uproject
Reading configuration file from cache (F:\tempProjectDir\trefort_bta\bta_repo\BTA_Launcher\Intermediate\Build\XmlConfigCache.bin): C:\Users\timar\AppData\Roaming\Unreal Engine\UnrealBuildTool\BuildConfiguration.xml
Reading configuration file from cache (F:\tempProjectDir\trefort_bta\bta_repo\BTA_Launcher\Intermediate\Build\XmlConfigCache.bin): F:\tempProjectDir\trefort_bta\bta_repo\BTA_Launcher\Saved\UnrealBuildTool\BuildConfiguration.xml
Reading configuration file from cache (F:\tempProjectDir\trefort_bta\bta_repo\BTA_Launcher\Intermediate\Build\XmlConfigCache.bin): C:\Users\timar\AppData\Local\UnrealEngine\Intermediate\Build\UnrealBuildTool.Env.BuildConfiguration.xml
Registering project generator UnrealBuildTool.AndroidProjectGenerator for Android
Skipping project file generator registration for Android due to no valid BuildPlatform.
Registering project generator UnrealBuildTool.IOSProjectGenerator for IOS
Skipping project file generator registration for IOS due to no valid BuildPlatform.
Registering project generator UnrealBuildTool.LinuxProjectGenerator for Linux
Skipping project file generator registration for Linux due to no valid BuildPlatform.
Registering project generator UnrealBuildTool.LinuxProjectGenerator for LinuxArm64
Skipping project file generator registration for LinuxArm64 due to no valid BuildPlatform.
Registering project generator UnrealBuildTool.MacProjectGenerator for Mac
Skipping project file generator registration for Mac due to no valid BuildPlatform.
Registering project generator UnrealBuildTool.TVOSProjectGenerator for TVOS
Skipping project file generator registration for TVOS due to no valid BuildPlatform.
Registering project generator UnrealBuildTool.WindowsProjectGenerator for Win64
Registering project generator UnrealBuildTool.VisionOSProjectGenerator for VisionOS
Skipping project file generator registration for VisionOS due to no valid BuildPlatform.

---   SDK INFO START   ---
---   SDK INFO END   ---


Generating VisualStudio project files:
Discovering modules, targets and source code for project...
Found VisualStudio2026 installation: C:\Program Files\Microsoft Visual Studio\18\Enterprise (Product=Microsoft.VisualStudio.Product.Enterprise, Version=18.3.11505.172)
Found VisualStudioUnsupported installation: C:\Program Files (x86)\Microsoft Visual Studio\2019\BuildTools (Product=Microsoft.VisualStudio.Product.BuildTools, Version=16.11.36227.6)
Found Visual Studio toolchain: C:\Program Files\Microsoft Visual Studio\18\Enterprise\VC\Tools\MSVC\14.44.35207 (Family=14.44.35207, FamilyRank=0, Version=14.44.35222, HostArchitecture=x64, ReleaseChannel=Latest, Architecture=x64, Error=False, Redist=C:\Program Files\Microsoft Visual Studio\18\Enterprise\VC\Redist\MSVC\14.50.35710)
Found Visual Studio toolchain: C:\Program Files\Microsoft Visual Studio\18\Enterprise\VC\Tools\MSVC\14.50.35717 (Family=14.50.35717, FamilyRank=1, Version=14.50.35724, HostArchitecture=x64, ReleaseChannel=Latest, Architecture=x64, Error=False, Redist=C:\Program Files\Microsoft Visual Studio\18\Enterprise\VC\Redist\MSVC\14.50.35710)
Detected supported platforms: Win64
Adding projects for all targets...
Skipping F:\UE_5.7\Engine\Intermediate\Build\BuildRules\UE5Rules.dll: File is installed
Skipping F:\UE_5.7\Engine\Intermediate\Build\BuildRules\UE5ProgramRules.dll: File is installed
Compiling F:\tempProjectDir\trefort_bta\bta_repo\BTA_Launcher\Intermediate\Build\BuildRules\BTA_LauncherModuleRules.dll: UnrealBuildTool.dll is newer
Available x64 toolchains (2):
Available x64 toolchains (2):
Available x64 toolchains (2):
 * C:\Program Files\Microsoft Visual Studio\18\Enterprise\VC\Tools\MSVC\14.50.35717
    (Family=14.50.35717, FamilyRank=1, Version=14.50.35724, HostArchitecture=x64, ReleaseChannel=Latest, Architecture=x64)
 * C:\Program Files\Microsoft Visual Studio\18\Enterprise\VC\Tools\MSVC\14.44.35207
    (Family=14.44.35207, FamilyRank=0, Version=14.44.35222, HostArchitecture=x64, ReleaseChannel=Latest, Architecture=x64)
 * C:\Program Files\Microsoft Visual Studio\18\Enterprise\VC\Tools\MSVC\14.50.35717
    (Family=14.50.35717, FamilyRank=1, Version=14.50.35724, HostArchitecture=x64, ReleaseChannel=Latest, Architecture=x64)
 * C:\Program Files\Microsoft Visual Studio\18\Enterprise\VC\Tools\MSVC\14.50.35717
    (Family=14.50.35717, FamilyRank=1, Version=14.50.35724, HostArchitecture=x64, ReleaseChannel=Latest, Architecture=x64)
 * C:\Program Files\Microsoft Visual Studio\18\Enterprise\VC\Tools\MSVC\14.44.35207
    (Family=14.44.35207, FamilyRank=0, Version=14.44.35222, HostArchitecture=x64, ReleaseChannel=Latest, Architecture=x64)
Visual Studio 2026 compiler version 14.50.35724 is not a preferred version. Please use the latest preferred version 14.44.35207
 * C:\Program Files\Microsoft Visual Studio\18\Enterprise\VC\Tools\MSVC\14.44.35207
    (Family=14.44.35207, FamilyRank=0, Version=14.44.35222, HostArchitecture=x64, ReleaseChannel=Latest, Architecture=x64)
Visual Studio 2026 compiler version 14.50.35724 is not a preferred version. Please use the latest preferred version 14.44.35207
Available x64 toolchains (2):
Visual Studio 2026 compiler version 14.50.35724 is not a preferred version. Please use the latest preferred version 14.44.35207
 * C:\Program Files\Microsoft Visual Studio\18\Enterprise\VC\Tools\MSVC\14.50.35717
    (Family=14.50.35717, FamilyRank=1, Version=14.50.35724, HostArchitecture=x64, ReleaseChannel=Latest, Architecture=x64)
 * C:\Program Files\Microsoft Visual Studio\18\Enterprise\VC\Tools\MSVC\14.44.35207
    (Family=14.44.35207, FamilyRank=0, Version=14.44.35222, HostArchitecture=x64, ReleaseChannel=Latest, Architecture=x64)
Visual Studio 2026 compiler version 14.50.35724 is not a preferred version. Please use the latest preferred version 14.44.35207
Generating target Game for F:\tempProjectDir\trefort_bta\bta_repo\BTA_Launcher\Intermediate\ProjectFiles\BTA_Launcher.vcxproj
Generating target Editor for F:\tempProjectDir\trefort_bta\bta_repo\BTA_Launcher\Intermediate\ProjectFiles\BTA_Launcher.vcxproj
Generating target Editor for F:\tempProjectDir\trefort_bta\bta_repo\BTA_Launcher\Intermediate\ProjectFiles\UE5.vcxproj
Generating target Game for F:\tempProjectDir\trefort_bta\bta_repo\BTA_Launcher\Intermediate\ProjectFiles\UE5.vcxproj
Adding projects for all targets took 3.98s
Adding projects for all game projects took 0.00s
Adding shader source code...
Adding projects for all modules took 0.17s
Skipping any C# project files in "F:\UE_5.7\Engine\Platforms\VisionOS\Source\Programs" due to unsupported platform
Compiling Rules Assemblies
@progress 'Compiling Rules Assemblies' 0%
Found target: UnrealEditor
@progress 'Compiling Rules Assemblies' 50%
Found target: BTA_LauncherEditor
@progress 'Compiling Rules Assemblies' 100%
Creating Build Targets
@progress 'Creating Build Targets' 0%
Using EngineIncludeOrderVersion.Unreal5_4 for target BTA_LauncherEditor.Target.cs
Warning: [Upgrade]
Warning: [Upgrade] Using backward-compatible build settings. The latest version of UE sets the following values by default, which may require code changes:
Warning: [Upgrade]     WindowsPlatform.bStrictInlineConformance = true        => Updates MSVC inline conformance (Remove unreferenced COMDAT) to true (Previously: false).
Warning: [Upgrade]     UndefinedIdentifierWarningLevel = WarningLevel.Error   => Enables compile-time validation of undefined identifiers in conditional expressions. (Previously: Off).
Warning: [Upgrade] Suppress this message by setting 'DefaultBuildSettings = BuildSettingsVersion.V6;' in BTA_LauncherEditor.Target.cs, and explicitly overriding settings that differ from the new defaults.
Warning: [Upgrade]
Warning: [Upgrade]
Warning: [Upgrade] Using backward-compatible include order. The latest version of UE has changed the order of includes, which may require code changes. The current setting is:
Warning: [Upgrade]     IncludeOrderVersion = EngineIncludeOrderVersion.Unreal5_4
Warning: [Upgrade] Suppress this message by setting 'IncludeOrderVersion = EngineIncludeOrderVersion.Unreal5_7;' in BTA_LauncherEditor.Target.cs.
Warning: [Upgrade] Alternatively you can set this to 'EngineIncludeOrderVersion.Latest' to always use the latest include order. This will potentially cause compile errors when integrating new versions of the engine.
Warning: [Upgrade]
Building UnrealEditor - UnrealEditor - Win64 - Development
Compiler: C:\Program Files\Microsoft Visual Studio\18\Enterprise\VC\Tools\MSVC\14.50.35717\bin\Hostx64\x64\cl.exe
Linker: C:\Program Files\Microsoft Visual Studio\18\Enterprise\VC\Tools\MSVC\14.50.35717\bin\Hostx64\x64\link.exe
Library Manager: C:\Program Files\Microsoft Visual Studio\18\Enterprise\VC\Tools\MSVC\14.50.35717\bin\Hostx64\x64\link.exe
Resource Compiler: C:\Program Files (x86)\Windows Kits\10\bin\10.0.26100.0\x64\rc.exe
Wrote partial receipt to F:\tempProjectDir\trefort_bta\bta_repo\BTA_Launcher\Binaries\Win64\BTA_LauncherEditor.target
Exception while creating build target for BTA_LauncherEditor: BTA_LauncherEditor modifies the values of properties: [ UndefinedIdentifierWarningLevel: Off != Error ]. This is not allowed, as BTA_LauncherEditor has build products in common with UnrealEditor.
Remove the modified setting, change BTA_LauncherEditor to use a unique build environment by setting 'BuildEnvironment = TargetBuildEnvironment.Unique;' in the BTA_LauncherEditorTarget constructor, or set bOverrideBuildEnvironment = true to force this setting on.
@progress 'Creating Build Targets' 50%
Excluding module OodleNetworkHandlerComponent_VisionOS: Not under compatible directories
Excluding module OXRVisionOSSettings: Not under compatible directories
Excluding module VisionOSPlatformEditor: Excluded folder name
Excluding module VisionOSTargetPlatformControls: Excluded folder name
Excluding module VisionOSTargetPlatformSettings: Excluded folder name
Excluding module VisionOSTargetPlatform: Excluded folder name
Excluding module Paper2DEditor: Not under compatible directories
Excluding module Paper2D: Not under compatible directories
Excluding module PaperSpriteSheetImporter: Not under compatible directories
Excluding module PaperTiledImporter: Not under compatible directories
Excluding module SmartSnapping: Not under compatible directories
Excluding module SpriterImporter: Not under compatible directories
Excluding module EnvironmentQueryEditor: Not under compatible directories
Excluding module AnimationData: Not under compatible directories
Excluding module BlendStackEditor: Not under compatible directories
Excluding module BlendStack: Not under compatible directories
Excluding module EaseCurveTool: Not under compatible directories
Excluding module GeneSplicerEditor: Not under compatible directories
Excluding module IKRig: Not under compatible directories
Excluding module LiveLinkDevice: Not under compatible directories
Excluding module LiveLinkExampleDevice: Not under compatible directories
Excluding module LiveLinkHub: Not under compatible directories
Excluding module LiveLinkUnrealDevice: Not under compatible directories
Excluding module ChaosClothGenerator: Not under compatible directories
Excluding module ChaosFleshGenerator: Not under compatible directories
Excluding module MLDeformerFramework: Not under compatible directories
Excluding module NearestNeighborModel: Not under compatible directories
Excluding module NeuralMorphModel: Not under compatible directories
Excluding module VertexDeltaModel: Not under compatible directories
Excluding module MotionWarping: Not under compatible directories
Excluding module PerformanceCaptureCoreEditor: Not under compatible directories
Excluding module PerformanceCaptureCore: Not under compatible directories
Excluding module PoseSearchEditor: Not under compatible directories
Excluding module PoseSearch: Not under compatible directories
Excluding module SkeletalMeshModelingTools: Not under compatible directories
Excluding module TweeningUtilsEditor: Not under compatible directories
Excluding module TweeningUtils: Not under compatible directories
Excluding module AudioGameplayVolumeEditor: Not under compatible directories
Excluding module AudioGameplayVolume: Not under compatible directories
Excluding module AudioGameplayTests: Not under compatible directories
Excluding module AudioGameplay: Not under compatible directories
Excluding module AudioInsightsEditor: Not under compatible directories
Excluding module AudioInsights: Not under compatible directories
Excluding module BlueprintFileUtils: Not under compatible directories
Excluding module CameraShakePreviewer: Not under compatible directories
Excluding module EngineCameras: Not under compatible directories
Excluding module GameplayCamerasEditor: Not under compatible directories
Excluding module GameplayCameras: Not under compatible directories
Excluding module ChaosClothAssetDataflowNodes: Not under compatible directories
Excluding module ChaosClothAssetEditorTools: Not under compatible directories
Excluding module ChaosClothAssetEditor: Not under compatible directories
Excluding module ChaosClothAssetTools: Not under compatible directories
Excluding module ChaosClothAssetEngine: Not under compatible directories
Excluding module ChaosClothAsset: Not under compatible directories
Excluding module ChaosClothEditor: Not under compatible directories
Excluding module ChaosCloth: Not under compatible directories
Excluding module ChaosVDBuiltInExtensions: Not under compatible directories
Excluding module ChaosVD: Not under compatible directories
Excluding module CmdLinkServer: Not under compatible directories
Excluding module CompositeCore: Not under compatible directories
Excluding module CompositeEditor: Not under compatible directories
Excluding module Composite: Not under compatible directories
Excluding module ComposureLayersEditor: Not under compatible directories
Excluding module OpenCVLensCalibration: Not under compatible directories
Excluding module OodleNetworkHandlerComponent: Not under compatible directories
Excluding module AnimationSharingEd: Not under compatible directories
Excluding module AnimationSharing: Not under compatible directories
Excluding module ConcertInsightsClient: Not under compatible directories
Excluding module ConcertInsightsCore: Not under compatible directories
Excluding module ConcertInsightsServer: Not under compatible directories
Excluding module ConcertInsightsVisualizer: Not under compatible directories
Excluding module FieldNotificationTraceEditor: Not under compatible directories
Excluding module FieldNotificationTrace: Not under compatible directories
Excluding module GitSourceControl: Not under compatible directories
Excluding module NamingTokensUI: Not under compatible directories
Excluding module NamingTokensUncookedOnly: Not under compatible directories
Excluding module NamingTokens: Not under compatible directories
Excluding module OneSkyLocalizationService: Not under compatible directories
Excluding module PerforceSourceControl: Not under compatible directories
Excluding module PlasticSourceControl: Not under compatible directories
Excluding module CommonLaunchExtensions: Not under compatible directories
Excluding module ProjectLauncher: Not under compatible directories
Excluding module PropertyAccessNode: Not under compatible directories
Excluding module SubversionSourceControl: Not under compatible directories
Excluding module TextureFormatOodle: Not under compatible directories
Excluding module SourceFilteringCore: Not under compatible directories
Excluding module SourceFilteringEditor: Not under compatible directories
Excluding module SourceFilteringTrace: Not under compatible directories
Excluding module VisualStudioSetup: Not under compatible directories
Excluding module DiscoveryBeaconReceiver: Not under compatible directories
Excluding module AssetManagerEditor: Not under compatible directories
Excluding module AssetRegistryExport: Not under compatible directories
Excluding module AssetSearch: Not under compatible directories
Excluding module BlueprintHeaderView: Not under compatible directories
Excluding module BlueprintMaterialTextureNodes: Not under compatible directories
Excluding module ChangelistReview: Not under compatible directories
Excluding module ColorGradingEditor: Not under compatible directories
Excluding module ConsoleVariablesEditorRuntime: Not under compatible directories
Excluding module ConsoleVariablesEditor: Not under compatible directories
Excluding module CryptoKeysOpenSSL: Not under compatible directories
Excluding module CryptoKeys: Not under compatible directories
Excluding module CurveEditorTools: Not under compatible directories
Excluding module DataValidation: Not under compatible directories
Excluding module DisplayClusterLaunchEditor: Not under compatible directories
Excluding module EditorDebugTools: Not under compatible directories
Excluding module EditorSysConfigAssistant: Not under compatible directories
Excluding module EngineAssetDefinitions: Not under compatible directories
Excluding module BspMode: Not under compatible directories
Excluding module GeometryMode: Not under compatible directories
Excluding module TextureAlignMode: Not under compatible directories
Excluding module LandscapePatchEditorOnly: Not under compatible directories
Excluding module LandscapePatch: Not under compatible directories
Excluding module LiveUpdateForSlate: Not under compatible directories
Excluding module MeshLODToolset: Not under compatible directories
Excluding module ModelViewViewModelPreview: Not under compatible directories
Excluding module ModelingToolsEditorMode: Not under compatible directories
Excluding module LightMixer: Not under compatible directories
Excluding module ObjectMixerEditor: Not under compatible directories
Excluding module DirectXMesh: Not under compatible directories
Excluding module UVAtlas: Not under compatible directories
Excluding module SampleToolsEditorMode: Not under compatible directories
Excluding module ScriptableToolsEditorMode: Not under compatible directories
Excluding module SequencerAnimTools: Not under compatible directories
Excluding module StaticMeshEditorModeling: Not under compatible directories
Excluding module UMGWidgetPreview: Not under compatible directories
Excluding module UVEditorToolsEditorOnly: Not under compatible directories
Excluding module UVEditorTools: Not under compatible directories
Excluding module UVEditor: Not under compatible directories
Excluding module WorldPartitionHLODUtilities: Not under compatible directories
Excluding module CADLibrary: Not under compatible directories
Excluding module DatasmithWireTranslator: Not under compatible directories
Excluding module WireInterface2020: Not under compatible directories
Excluding module WireInterface2021_3: Not under compatible directories
Excluding module WireInterface2022: Not under compatible directories
Excluding module WireInterface2022_1: Not under compatible directories
Excluding module WireInterface2022_2: Not under compatible directories
Excluding module WireInterface2023_0: Not under compatible directories
Excluding module WireInterface2023_1: Not under compatible directories
Excluding module WireInterface2024_1: Not under compatible directories
Excluding module WireInterface2025_0: Not under compatible directories
Excluding module WireInterface2026_0: Not under compatible directories
Excluding module GLTFExporter: Not under compatible directories
Excluding module AIAssistant: Not under compatible directories
Excluding module AMFCodecsRHI: Not under compatible directories
Excluding module AMFCodecs: Not under compatible directories
Excluding module AVCodecsCoreRHI: Not under compatible directories
Excluding module AVCodecsCore: Not under compatible directories
Excluding module LibVpxCodecs: Not under compatible directories
Excluding module NVCodecsRHI: Not under compatible directories
Excluding module NVCodecs: Not under compatible directories
Excluding module NVDEC: Not under compatible directories
Excluding module NVENC: Not under compatible directories
Excluding module VTCodecsRHI: Not under compatible directories
Excluding module VTCodecs: Not under compatible directories
Excluding module WMFCodecs: Not under compatible directories
Excluding module ActorPalette: Not under compatible directories
Excluding module AdvancedRenamer: Not under compatible directories
Excluding module AnimToTextureEditor: Not under compatible directories
Excluding module AnimToTexture: Not under compatible directories
Excluding module ContextualAnimationEditor: Not under compatible directories
Excluding module ContextualAnimation: Not under compatible directories
Excluding module CurveExpressionEditor: Not under compatible directories
Excluding module CurveExpression: Not under compatible directories
Excluding module HierarchyTableAnimationEditor: Not under compatible directories
Excluding module HierarchyTableAnimationRuntime: Not under compatible directories
Excluding module HierarchyTableAnimationUncookedOnly: Not under compatible directories
Excluding module HierarchyTableEditor: Not under compatible directories
Excluding module HierarchyTableRuntime: Not under compatible directories
Excluding module Locomotor: Not under compatible directories
Excluding module DetailPoseModel: Not under compatible directories
Excluding module MotionTrajectory: Not under compatible directories
Excluding module PackedAttributes: Not under compatible directories
Excluding module RigMapperDeveloper: Not under compatible directories
Excluding module RigMapperEditor: Not under compatible directories
Excluding module RigMapper: Not under compatible directories
Excluding module SkeletalMeshMorphTargetEditingTools: Not under compatible directories
Excluding module TrajectoryTools: Not under compatible directories
Excluding module AvalancheDisplayCluster: Not under compatible directories
Excluding module AvalancheSequenceNavigator: Not under compatible directories
Excluding module BackChannel: Not under compatible directories
Excluding module BlueprintSnapNodes: Not under compatible directories
Excluding module Buoyancy: Not under compatible directories
Excluding module CelestialVaultEditor: Not under compatible directories
Excluding module CelestialVault: Not under compatible directories
Excluding module FractureEditor: Not under compatible directories
Excluding module ChaosNiagara: Not under compatible directories
Excluding module ChaosOutfitAssetDataflowNodes: Not under compatible directories
Excluding module ChaosOutfitAssetEditor: Not under compatible directories
Excluding module ChaosOutfitAssetEngine: Not under compatible directories
Excluding module ChaosRigidAssetEditor: Not under compatible directories
Excluding module ChaosRigidAssetEngine: Not under compatible directories
Excluding module ChaosRigidAssetNodes: Not under compatible directories
Excluding module CharacterAI: Not under compatible directories
Excluding module BaseCharacterFXEditor: Not under compatible directories
Excluding module ExampleCharacterFXEditor: Not under compatible directories
Excluding module CineCameraRigsEditor: Not under compatible directories
Excluding module CineCameraRigs: Not under compatible directories
Excluding module CineCameraSceneCapture: Not under compatible directories
Excluding module CinematicPrestreamingEditor: Not under compatible directories
Excluding module CinematicPrestreaming: Not under compatible directories
Excluding module CinematicSequenceNavigator: Not under compatible directories
Excluding module ColorCorrectRegionsEditor: Not under compatible directories
Excluding module ColorCorrectRegions: Not under compatible directories
Excluding module CommonConversationEditor: Not under compatible directories
Excluding module CommonConversationGraph: Not under compatible directories
Excluding module CommonConversationRuntime: Not under compatible directories
Excluding module ControlFlows: Not under compatible directories
Excluding module ControlRigPhysics: Not under compatible directories
Excluding module DataflowAssetTools: Not under compatible directories
Excluding module DaySequenceEditor: Not under compatible directories
Excluding module DaySequence: Not under compatible directories
Excluding module DefaultInstallBundleManager: Not under compatible directories
Excluding module DrawDebugLibrary: Not under compatible directories
Excluding module DynamicMaterialMediaStreamBridgeEditor: Not under compatible directories
Excluding module DynamicMaterialMediaStreamBridge: Not under compatible directories
Excluding module TedsActorCompatibility: Not under compatible directories
Excluding module TedsAlerts: Not under compatible directories
Excluding module TedsAssetData: Not under compatible directories
Excluding module TedsContentBrowser: Not under compatible directories
Excluding module TedsDebugger: Not under compatible directories
Excluding module TedsEditorCompatibility: Not under compatible directories
Excluding module TedsEverythingPicker: Not under compatible directories
Excluding module TedsOutliner: Not under compatible directories
Excluding module TedsPropertyEditor: Not under compatible directories
Excluding module TedsQueryStack: Not under compatible directories
Excluding module TedsRevisionControl: Not under compatible directories
Excluding module TedsSettings: Not under compatible directories
Excluding module TedsTableViewer: Not under compatible directories
Excluding module TedsTypeInfo: Not under compatible directories
Excluding module TedsTypedElementBridge: Not under compatible directories
Excluding module TedsCore: Not under compatible directories
Excluding module TedsUI: Not under compatible directories
Excluding module EditorPerformance: Not under compatible directories
Excluding module StallLogSubsystem: Not under compatible directories
Excluding module DatasmithRuntime: Not under compatible directories
Excluding module FloatingProperties: Not under compatible directories
Excluding module FullBodyIK: Not under compatible directories
Excluding module PBIK: Not under compatible directories
Excluding module TargetingSystem: Not under compatible directories
Excluding module GeometryCacheAbcFile: Not under compatible directories
Excluding module GeometryCacheLevelSequenceBaker: Not under compatible directories
Excluding module GeometryFlowCore: Not under compatible directories
Excluding module GeometryFlowMeshProcessingEditor: Not under compatible directories
Excluding module GeometryFlowMeshProcessing: Not under compatible directories
Excluding module GizmoEdMode: Not under compatible directories
Excluding module LightGizmos: Not under compatible directories
Excluding module HairCardGeneratorEditor: Not under compatible directories
Excluding module HairModelingToolset: Not under compatible directories
Excluding module ImageWidgets: Not under compatible directories
Excluding module InEditorDocumentation: Not under compatible directories
Excluding module InlineMaterialInstanceEditor: Not under compatible directories
Excluding module Iris: Not under compatible directories
Excluding module LandmassEditor: Not under compatible directories
Excluding module Landmass: Not under compatible directories
Excluding module LearningAgentsReplay: Not under compatible directories
Excluding module LearningAgentsTrainingEditor: Not under compatible directories
Excluding module LearningAgentsTraining: Not under compatible directories
Excluding module LearningAgents: Not under compatible directories
Excluding module LearningTraining: Not under compatible directories
Excluding module Learning: Not under compatible directories
Excluding module LevelSequenceNavigatorBridge: Not under compatible directories
Excluding module LiveLinkFaceImporter: Not under compatible directories
Excluding module OpenVR: Not under compatible directories
Excluding module MediaStreamEditor: Not under compatible directories
Excluding module MediaStream: Not under compatible directories
Excluding module GeometryProcessingAdapters: Not under compatible directories
Excluding module MeshModelingToolsEditorOnlyExp: Not under compatible directories
Excluding module MeshModelingToolsExp: Not under compatible directories
Excluding module ModelingEditorUI: Not under compatible directories
Excluding module ModelingUI: Not under compatible directories
Excluding module MeshResizingEditorTools: Not under compatible directories
Excluding module MeshResizingDataflowNodes: Not under compatible directories
Excluding module MetaHumanCalibrationDiagnostics: Not under compatible directories
Excluding module MetaHumanCharacterUAFEditor: Not under compatible directories
Excluding module AudioExperimentalRuntime: Not under compatible directories
Excluding module MetasoundExperimentalEditor: Not under compatible directories
Excluding module MetasoundExperimentalEngineRuntime: Not under compatible directories
Excluding module MetasoundExperimentalRuntime: Not under compatible directories
Excluding module MoverAnimNext: Not under compatible directories
Excluding module MoverExamples: Not under compatible directories
Excluding module MoverIntegrations: Not under compatible directories
Excluding module MoverMassIntegration: Not under compatible directories
Excluding module MoverTests: Not under compatible directories
Excluding module MoverCVDData: Not under compatible directories
Excluding module MoverCVDEditor: Not under compatible directories
Excluding module MoverEditor: Not under compatible directories
Excluding module Mover: Not under compatible directories
Excluding module MutableClothing: Not under compatible directories
Excluding module CustomizableObjectPopulationEditor: Not under compatible directories
Excluding module CustomizableObjectPopulation: Not under compatible directories
Excluding module NNERuntimeBasicCpu: Not under compatible directories
Excluding module NNERuntimeCoreMLEditor: Not under compatible directories
Excluding module NNERuntimeCoreML: Not under compatible directories
Excluding module IREEDriverRDG: Not under compatible directories
Excluding module IREEUtils: Not under compatible directories
Excluding module NNERuntimeIREEEditor: Not under compatible directories
Excluding module NNERuntimeIREEShader: Not under compatible directories
Excluding module NNERuntimeIREE: Not under compatible directories
Excluding module IREE: Not under compatible directories
Excluding module NNEMlirTools: Not under compatible directories
Excluding module NNEHlslShaders: Not under compatible directories
Excluding module NNERuntimeRDGData: Not under compatible directories
Excluding module NNERuntimeRDGUtils: Not under compatible directories
Excluding module NNERuntimeRDG: Not under compatible directories
Excluding module NNERuntimeRDGOnnxEditor: Not under compatible directories
Excluding module NNERuntimeRDGOnnxruntimeEditor: Not under compatible directories
Excluding module NNERuntimeRDGProtobufEditor: Not under compatible directories
Excluding module NaniteAssemblyEditorUtils: Not under compatible directories
Excluding module NeuralPostProcessing: Not under compatible directories
Excluding module OptiXDenoiseBase: Not under compatible directories
Excluding module PCGBiomeCore: Not under compatible directories
Excluding module PSDImporterMaterialDesignerBridge: Not under compatible directories
Excluding module PSDImporterCore: Not under compatible directories
Excluding module PSDImporterEditor: Not under compatible directories
Excluding module PSDImporter: Not under compatible directories
Excluding module PsdSDK: Not under compatible directories
Excluding module PhysicsControlEditor: Not under compatible directories
Excluding module PhysicsControlUncookedOnly: Not under compatible directories
Excluding module PhysicsControl: Not under compatible directories
Excluding module PlainPropsEngine: Not under compatible directories
Excluding module PlainPropsUObject: Not under compatible directories
Excluding module PlainProps: Not under compatible directories
Excluding module PlatformCryptoOpenSSL: Not under compatible directories
Excluding module PluginAudit: Not under compatible directories
Excluding module PluginReferenceViewer: Not under compatible directories
Excluding module PluginTemplateTool: Not under compatible directories
Excluding module PPMChainGraph: Not under compatible directories
Excluding module ProceduralVegetationEditor: Not under compatible directories
Excluding module RemoteControlActorModifierBridge: Not under compatible directories
Excluding module RemoteControlComponentsEditor: Not under compatible directories
Excluding module RemoteControlComponents: Not under compatible directories
Excluding module RemoteSessionEditor: Not under compatible directories
Excluding module RemoteSession: Not under compatible directories
Excluding module RenderGridDeveloper: Not under compatible directories
Excluding module RenderGridEditor: Not under compatible directories
Excluding module RenderGrid: Not under compatible directories
Excluding module RigLogicUAFUncookedOnly: Not under compatible directories
Excluding module RigLogicUAF: Not under compatible directories
Excluding module ScreenReader: Not under compatible directories
Excluding module SequenceNavigator: Not under compatible directories
Excluding module JsonSerialization: Not under compatible directories
Excluding module XmlSerialization: Not under compatible directories
Excluding module SlateIMInGame: Not under compatible directories
Excluding module SlateIM: Not under compatible directories
Excluding module SlateMVVM: Not under compatible directories
Excluding module SlateScreenReader: Not under compatible directories
Excluding module SpatialReadiness: Not under compatible directories
Excluding module StateGraphManager: Not under compatible directories
Excluding module StateGraph: Not under compatible directories
Excluding module SubmitToolEditor: Not under compatible directories
Excluding module SurfaceEffects: Not under compatible directories
Excluding module TechAudioToolsMetaSoundEditor: Not under compatible directories
Excluding module TechAudioToolsMetaSound: Not under compatible directories
Excluding module TechAudioTools: Not under compatible directories
Excluding module TextToSpeech: Not under compatible directories
Excluding module Flite: Not under compatible directories
Excluding module ToolPresetAsset: Not under compatible directories
Excluding module UAFMirroringUncookedOnly: Not under compatible directories
Excluding module UAFMirroring: Not under compatible directories
Excluding module UAFTests: Not under compatible directories
Excluding module UIFramework: Not under compatible directories
Excluding module UserToolBoxBasicCommand: Not under compatible directories
Excluding module UserToolBoxCore: Not under compatible directories
Excluding module VirtualHeightfieldMeshEditor: Not under compatible directories
Excluding module VirtualHeightfieldMesh: Not under compatible directories
Excluding module VPBookmarkEditor: Not under compatible directories
Excluding module VPBookmark: Not under compatible directories
Excluding module VPUtilitiesEditor: Not under compatible directories
Excluding module VPUtilities: Not under compatible directories
Excluding module LedWallCalibrationEditor: Not under compatible directories
Excluding module LedWallCalibration: Not under compatible directories
Excluding module VPRolesEditor: Not under compatible directories
Excluding module VPRoles: Not under compatible directories
Excluding module VPSettings: Not under compatible directories
Excluding module WaterAdvanced: Not under compatible directories
Excluding module WaterEditor: Not under compatible directories
Excluding module Water: Not under compatible directories
Excluding module WaveFunctionCollapse: Not under compatible directories
Excluding module WebSocketMessaging: Not under compatible directories
Excluding module WebAPIBlueprintGraph: Not under compatible directories
Excluding module WebAPIEditor: Not under compatible directories
Excluding module WebAPILiquidJS: Not under compatible directories
Excluding module WebAPIOpenAPI: Not under compatible directories
Excluding module WebAPI: Not under compatible directories
Excluding module WidgetEditorToolPalette: Not under compatible directories
Excluding module XRCreativeEditor: Not under compatible directories
Excluding module XRCreative: Not under compatible directories
Excluding module CascadeToNiagaraConverter: Not under compatible directories
Excluding module Cascade: Not under compatible directories
Excluding module ExampleCustomDataInterface: Not under compatible directories
Excluding module NiagaraNaniteShader: Not under compatible directories
Excluding module NiagaraPreviewContent: Not under compatible directories
Excluding module NiagaraAnimNotifies: Not under compatible directories
Excluding module NiagaraBlueprintNodes: Not under compatible directories
Excluding module NiagaraCore: Not under compatible directories
Excluding module NiagaraEditorWidgets: Not under compatible directories
Excluding module NiagaraEditor: Not under compatible directories
Excluding module NiagaraShader: Not under compatible directories
Excluding module NiagaraVertexFactories: Not under compatible directories
Excluding module Niagara: Not under compatible directories
Excluding module Fab: Not under compatible directories
Excluding module FastBuildController: Not under compatible directories
Excluding module AlembicImporter: Not under compatible directories
Excluding module AlembicLibrary: Not under compatible directories
Excluding module USDImporterMDL: Not under compatible directories
Excluding module GeometryCacheUSD: Not under compatible directories
Excluding module USDMultiUser: Not under compatible directories
Excluding module Draco: Not under compatible directories
Excluding module JsonBlueprintGraph: Not under compatible directories
Excluding module JsonBlueprintUtilities: Not under compatible directories
Excluding module LightWeightInstancesEditor: Not under compatible directories
Excluding module AjaCore: Not under compatible directories
Excluding module ProResToolbox: Not under compatible directories
Excluding module BinkMediaPlayerEditor: Not under compatible directories
Excluding module BinkMediaPlayerSDK: Not under compatible directories
Excluding module BinkMediaPlayer: Not under compatible directories
Excluding module BlackmagicCore: Not under compatible directories
Excluding module BlackmagicSDK: Not under compatible directories
Excluding module ElectraHTTPStream: Not under compatible directories
Excluding module EncoderAMF: Not under compatible directories
Excluding module EncoderNVENC: Not under compatible directories
Excluding module MediaMovieStreamer: Not under compatible directories
Excluding module MediaPlateEditor: Not under compatible directories
Excluding module MediaPlate: Not under compatible directories
Excluding module MediaPlayerEditor: Not under compatible directories
Excluding module MediaViewer: Not under compatible directories
Excluding module NDIMediaEditor: Not under compatible directories
Excluding module NDIMediaRendering: Not under compatible directories
Excluding module NDIMedia: Not under compatible directories
Excluding module NDISDK: Not under compatible directories
Excluding module TimecodeSynchronizerEditor: Not under compatible directories
Excluding module TimecodeSynchronizer: Not under compatible directories
Excluding module LibWebM: Not under compatible directories
Excluding module MessagingDebugger: Not under compatible directories
Excluding module MeshTrackerInterface: Not under compatible directories
Excluding module MetaHumanBatchProcessor: Not under compatible directories
Excluding module MetaHumanCaptureDataEditor: Not under compatible directories
Excluding module MetaHumanCaptureProtocolStack: Not under compatible directories
Excluding module MetaHumanCaptureSource: Not under compatible directories
Excluding module MetaHumanCaptureUtils: Not under compatible directories
Excluding module MetaHumanConfigEditor: Not under compatible directories
Excluding module MetaHumanConfig: Not under compatible directories
Excluding module MetaHumanControlsConversionTest: Not under compatible directories
Excluding module MetaHumanCoreEditor: Not under compatible directories
Excluding module MetaHumanCore: Not under compatible directories
Excluding module MetaHumanDepthGenerator: Not under compatible directories
Excluding module MetaHumanFaceAnimationSolverEditor: Not under compatible directories
Excluding module MetaHumanFaceAnimationSolver: Not under compatible directories
Excluding module MetaHumanFaceContourTrackerEditor: Not under compatible directories
Excluding module MetaHumanFaceContourTracker: Not under compatible directories
Excluding module MetaHumanFaceFittingSolverEditor: Not under compatible directories
Excluding module MetaHumanFaceFittingSolver: Not under compatible directories
Excluding module MetaHumanFootageIngest: Not under compatible directories
Excluding module MetaHumanIdentityEditor: Not under compatible directories
Excluding module MetaHumanIdentity: Not under compatible directories
Excluding module MetaHumanImageViewerEditor: Not under compatible directories
Excluding module MetaHumanPerformance: Not under compatible directories
Excluding module MetaHumanPipeline: Not under compatible directories
Excluding module MetaHumanPlatform: Not under compatible directories
Excluding module MetaHumanSequencer: Not under compatible directories
Excluding module MetaHumanSpeech2Face: Not under compatible directories
Excluding module MetaHumanToolkit: Not under compatible directories
Excluding module MetaHumanCalibrationCore: Not under compatible directories
Excluding module MetaHumanCalibrationGenerator: Not under compatible directories
Excluding module MetaHumanCalibrationLib: Not under compatible directories
Excluding module MetaHumanCharacterEditor: Not under compatible directories
Excluding module MetaHumanCharacterMigrationEditor: Not under compatible directories
Excluding module MetaHumanCharacterPaletteEditor: Not under compatible directories
Excluding module MetaHumanCharacterPalette: Not under compatible directories
Excluding module MetaHumanCharacter: Not under compatible directories
Excluding module MetaHumanDefaultEditorPipeline: Not under compatible directories
Excluding module MetaHumanDefaultPipeline: Not under compatible directories
Excluding module MetaHumanCaptureData: Not under compatible directories
Excluding module MetaHumanCoreTechLib: Not under compatible directories
Excluding module MetaHumanCoreTech: Not under compatible directories
Excluding module MetaHumanImageViewer: Not under compatible directories
Excluding module MetaHumanPipelineCore: Not under compatible directories
Excluding module LiveLinkFaceDiscovery: Not under compatible directories
Excluding module LiveLinkFaceSourceEditor: Not under compatible directories
Excluding module LiveLinkFaceSource: Not under compatible directories
Excluding module MetaHumanLiveLinkSourceEditor: Not under compatible directories
Excluding module MetaHumanLiveLinkSource: Not under compatible directories
Excluding module MetaHumanLocalLiveLinkSourceEditor: Not under compatible directories
Excluding module MetaHumanLocalLiveLinkSource: Not under compatible directories
Excluding module InterchangeDNA: Not under compatible directories
Excluding module MetaHumanSDKEditor: Not under compatible directories
Excluding module MetaHumanSDKRuntime: Not under compatible directories
Excluding module ActorSequenceEditor: Not under compatible directories
Excluding module ActorSequence: Not under compatible directories
Excluding module CustomizableSequencerTracksEditor: Not under compatible directories
Excluding module CustomizableSequencerTracks: Not under compatible directories
Excluding module LevelSequenceEditor: Not under compatible directories
Excluding module MoviePipelineMaskRenderPass: Not under compatible directories
Excluding module MovieRenderPipelineCore: Not under compatible directories
Excluding module MovieRenderPipelineEditor: Not under compatible directories
Excluding module MovieRenderPipelineRenderPasses: Not under compatible directories
Excluding module MovieRenderPipelineSettings: Not under compatible directories
Excluding module UEOpenExrRTTI: Not under compatible directories
Excluding module MovieSceneTextTrackEditor: Not under compatible directories
Excluding module MovieSceneTextTrack: Not under compatible directories
Excluding module ReplayTracksEditor: Not under compatible directories
Excluding module ReplayTracks: Not under compatible directories
Excluding module SequenceValidator: Not under compatible directories
Excluding module SequencerScriptingEditor: Not under compatible directories
Excluding module SequencerScripting: Not under compatible directories
Excluding module TemplateSequenceEditor: Not under compatible directories
Excluding module TemplateSequence: Not under compatible directories
Excluding module CustomizableObjectEditor: Not under compatible directories
Excluding module CustomizableObject: Not under compatible directories
Excluding module NNEDenoiserShaders: Not under compatible directories
Excluding module NNEDenoiser: Not under compatible directories
Excluding module NNERuntimeORT: Not under compatible directories
Excluding module NNEOnnxruntime: Not under compatible directories
Excluding module OnlineSubsystemGooglePlay: Not under compatible directories
Excluding module EOSOverlayInputProvider: Not under compatible directories
Excluding module EOSShared: Not under compatible directories
Excluding module OnlineSubsystemIOS: Not under compatible directories
Excluding module OnlineFrameworkCommon: Not under compatible directories
Excluding module Hotfix: Not under compatible directories
Excluding module Lobby: Not under compatible directories
Excluding module LoginFlow: Not under compatible directories
Excluding module Party: Not under compatible directories
Excluding module PatchCheck: Not under compatible directories
Excluding module PlayTimeLimit: Not under compatible directories
Excluding module Qos: Not under compatible directories
Excluding module Rejoin: Not under compatible directories
Excluding module OnlineServicesEOSGS: Not under compatible directories
Excluding module OnlineServicesEOS: Not under compatible directories
Excluding module OnlineServicesEpicCommon: Not under compatible directories
Excluding module OnlineServicesNull: Not under compatible directories
Excluding module OnlineServicesOSSAdapter: Not under compatible directories
Excluding module OnlineServicesCommonEngineUtils: Not under compatible directories
Excluding module OnlineServicesCommon: Not under compatible directories
Excluding module OnlineServicesInterface: Not under compatible directories
Excluding module OnlineSubsystemAmazon: Not under compatible directories
Excluding module OnlineSubsystemApple: Not under compatible directories
Excluding module OnlineSubsystemEOS: Not under compatible directories
Excluding module OnlineSubsystemFacebook: Not under compatible directories
Excluding module OnlineSubsystemGoogle: Not under compatible directories
Excluding module OnlineSubsystemNull: Not under compatible directories
Excluding module OnlineSubsystemSteam: Not under compatible directories
Excluding module OnlineSubsystemTencent: Not under compatible directories
Excluding module OnlineBlueprintSupport: Not under compatible directories
Excluding module OnlineSubsystemUtils: Not under compatible directories
Excluding module OnlineSubsystem: Not under compatible directories
Excluding module SocketSubsystemEOS: Not under compatible directories
Excluding module SocketSubsystemSteamIP: Not under compatible directories
Excluding module WebAuth: Not under compatible directories
Excluding module AutomatedPerfTesting: Not under compatible directories
Excluding module LauncherChunkInstaller: Not under compatible directories
Excluding module MQTTCoreEditor: Not under compatible directories
Excluding module MQTTCore: Not under compatible directories
Excluding module ARUtilities: Not under compatible directories
Excluding module AppleARKitFaceSupport: Not under compatible directories
Excluding module AppleARKitPoseTrackingLiveLink: Not under compatible directories
Excluding module AppleARKit: Not under compatible directories
Excluding module GoogleARCoreRendering: Not under compatible directories
Excluding module ActorLayerUtilitiesEditor: Not under compatible directories
Excluding module ActorLayerUtilities: Not under compatible directories
Excluding module AdjustEditor: Not under compatible directories
Excluding module AnalyticsMulticastEditor: Not under compatible directories
Excluding module AndroidDeviceProfileCommandlets: Not under compatible directories
Excluding module AndroidDeviceProfileSelector: Not under compatible directories
Excluding module AndroidFileServer: Not under compatible directories
Excluding module AndroidPermission: Not under compatible directories
Excluding module AnimationBudgetAllocator: Not under compatible directories
Excluding module ApexDestructionEditor: Not under compatible directories
Excluding module ApexDestruction: Not under compatible directories
Excluding module AudioCaptureEditor: Not under compatible directories
Excluding module AudioModulationEditor: Not under compatible directories
Excluding module AudioMotorSimDebug: Not under compatible directories
Excluding module AudioMotorSimStandardComponents: Not under compatible directories
Excluding module AudioMotorSim: Not under compatible directories
Excluding module AudioSynesthesiaEditor: Not under compatible directories
Excluding module AudioWidgetsCore: Not under compatible directories
Excluding module AudioWidgetsEditor: Not under compatible directories
Excluding module AudioWidgets: Not under compatible directories
Excluding module ChunkDownloader: Not under compatible directories
Excluding module CommonInput: Not under compatible directories
Excluding module CommonUIEditor: Not under compatible directories
Excluding module CommonUI: Not under compatible directories
Excluding module GameInputBaseEditor: Not under compatible directories
Excluding module GameplayBehaviorSmartObjectsModule: Not under compatible directories
Excluding module GeoReferencingEditor: Not under compatible directories
Excluding module GeoReferencing: Not under compatible directories
Excluding module PROJ: Not under compatible directories
Excluding module GeometryCacheEd: Not under compatible directories
Excluding module GeometryCache: Not under compatible directories
Excluding module DynamicMesh: Not under compatible directories
Excluding module GeometryAlgorithms: Not under compatible directories
Excluding module MeshFileUtils: Not under compatible directories
Excluding module GeometryScriptingCore: Not under compatible directories
Excluding module GeometryScriptingEditor: Not under compatible directories
Excluding module GooglePAD: Not under compatible directories
Excluding module HDRIBackdrop: Not under compatible directories
Excluding module HTTPChunkInstaller: Not under compatible directories
Excluding module HairCardGeneratorFramework: Not under compatible directories
Excluding module HarmonixDspEditor: Not under compatible directories
Excluding module HarmonixDspTests: Not under compatible directories
Excluding module HarmonixDsp: Not under compatible directories
Excluding module HarmonixEditor: Not under compatible directories
Excluding module HarmonixMetasoundEditor: Not under compatible directories
Excluding module HarmonixMetasoundTests: Not under compatible directories
Excluding module HarmonixMetasound: Not under compatible directories
Excluding module HarmonixMidiEditor: Not under compatible directories
Excluding module HarmonixMidiTests: Not under compatible directories
Excluding module HarmonixMidi: Not under compatible directories
Excluding module Harmonix: Not under compatible directories
Excluding module LiveLinkOverNDisplay: Not under compatible directories
Excluding module LocationServicesAndroidEditor: Not under compatible directories
Excluding module LocationServicesIOSEditor: Not under compatible directories
Excluding module MeshModelingToolsEditorOnly: Not under compatible directories
Excluding module MeshModelingTools: Not under compatible directories
Excluding module ModelingComponentsEditorOnly: Not under compatible directories
Excluding module ModelingComponents: Not under compatible directories
Excluding module ModelingOperatorsEditorOnly: Not under compatible directories
Excluding module ModelingOperators: Not under compatible directories
Excluding module SkeletalMeshModifiers: Not under compatible directories
Excluding module MicrosoftSpatialSound: Not under compatible directories
Excluding module MixedRealityCaptureFramework: Not under compatible directories
Excluding module ModelViewViewModelAssetSearch: Not under compatible directories
Excluding module ModelViewViewModelBlueprint: Not under compatible directories
Excluding module ModelViewViewModelDebuggerEditor: Not under compatible directories
Excluding module ModelViewViewModelDebugger: Not under compatible directories
Excluding module ModelViewViewModelEditor: Not under compatible directories
Excluding module ModelViewViewModel: Not under compatible directories
Excluding module ModularGameplay: Not under compatible directories
Excluding module MultiServerConfiguration: Not under compatible directories
Excluding module MultiServerReplication: Not under compatible directories
Excluding module MusicEnvironmentEditor: Not under compatible directories
Excluding module MusicEnvironmentTests: Not under compatible directories
Excluding module MusicEnvironment: Not under compatible directories
Excluding module GeForceNOWWrapper: Not under compatible directories
Excluding module OpenCVHelper: Not under compatible directories
Excluding module OpenCV: Not under compatible directories
Excluding module OpenXRHandTrackingEditor: Not under compatible directories
Excluding module OpenXRAR: Not under compatible directories
Excluding module OpenXREditor: Not under compatible directories
Excluding module AESGCMHandlerComponent: Not under compatible directories
Excluding module AESHandlerComponent: Not under compatible directories
Excluding module DTLSHandlerComponent: Not under compatible directories
Excluding module PreLoadScreenMoviePlayer: Not under compatible directories
Excluding module PropertyAccessEditor: Not under compatible directories
Excluding module RenderTrace: Not under compatible directories
Excluding module ReplicationGraph: Not under compatible directories
Excluding module ResonanceAudio: Not under compatible directories
Excluding module RigVMDeveloper: Not under compatible directories
Excluding module RigVMEditor: Not under compatible directories
Excluding module RigVM: Not under compatible directories
Excluding module EditorScriptableToolsFramework: Not under compatible directories
Excluding module ScriptableToolsFramework: Not under compatible directories
Excluding module SignificanceManager: Not under compatible directories
Excluding module SkeletalMerging: Not under compatible directories
Excluding module SoundCueTemplatesEditor: Not under compatible directories
Excluding module SoundCueTemplates: Not under compatible directories
Excluding module SoundFields: Not under compatible directories
Excluding module SoundModImporter: Not under compatible directories
Excluding module SpatializationEditor: Not under compatible directories
Excluding module Spatialization: Not under compatible directories
Excluding module SteamController: Not under compatible directories
Excluding module SteamShared: Not under compatible directories
Excluding module SteamSockets: Not under compatible directories
Excluding module PFMExporter: Not under compatible directories
Excluding module WarpUtils: Not under compatible directories
Excluding module WaveTableEditor: Not under compatible directories
Excluding module WebMMoviePlayer: Not under compatible directories
Excluding module DisplayClusterLightCardExtender: Not under compatible directories
Excluding module DisplayClusterModularFeaturesEditor: Not under compatible directories
Excluding module DisplayClusterColorGrading: Not under compatible directories
Excluding module DisplayClusterConfiguration: Not under compatible directories
Excluding module DisplayClusterConfigurator: Not under compatible directories
Excluding module DisplayClusterDetails: Not under compatible directories
Excluding module DisplayClusterEditor: Not under compatible directories
Excluding module DisplayClusterFillDerivedDataCache: Not under compatible directories
Excluding module DisplayClusterLightCardEditorShaders: Not under compatible directories
Excluding module DisplayClusterLightCardEditor: Not under compatible directories
Excluding module DisplayClusterMediaEditor: Not under compatible directories
Excluding module DisplayClusterMedia: Not under compatible directories
Excluding module DisplayClusterMessageInterception: Not under compatible directories
Excluding module DisplayClusterMoviePipelineEditor: Not under compatible directories
Excluding module DisplayClusterMoviePipeline: Not under compatible directories
Excluding module DisplayClusterMultiUser: Not under compatible directories
Excluding module DisplayClusterOperator: Not under compatible directories
Excluding module DisplayClusterProjection: Not under compatible directories
Excluding module DisplayClusterRemoteControlInterceptor: Not under compatible directories
Excluding module DisplayClusterReplication: Not under compatible directories
Excluding module DisplayClusterScenePreview: Not under compatible directories
Excluding module DisplayClusterShaders: Not under compatible directories
Excluding module DisplayClusterStageMonitoring: Not under compatible directories
Excluding module DisplayClusterTests: Not under compatible directories
Excluding module DisplayClusterWarp: Not under compatible directories
Excluding module DisplayCluster: Not under compatible directories
Excluding module ScalableMPCDI: Not under compatible directories
Excluding module AudioCQTests: Not under compatible directories
Excluding module AutomationDriverTests: Not under compatible directories
Excluding module CQTestEnhancedInputTests: Not under compatible directories
Excluding module CQTestEnhancedInput: Not under compatible directories
Excluding module CQTestExperimentalTests: Not under compatible directories
Excluding module CQTestTests: Not under compatible directories
Excluding module EditorTests: Not under compatible directories
Excluding module FbxAutomationTestBuilder: Not under compatible directories
Excluding module FunctionalTestingEditor: Not under compatible directories
Excluding module PythonAutomationTest: Not under compatible directories
Excluding module RHITests: Not under compatible directories
Excluding module RuntimeTests: Not under compatible directories
Excluding module TestFramework: Not under compatible directories
Excluding module TestSamples: Not under compatible directories
Excluding module WidgetAutomationTests: Not under compatible directories
Excluding module TextureGraphEditor: Not under compatible directories
Excluding module TextureGraphEngine: Not under compatible directories
Excluding module TextureGraphInsightEditor: Not under compatible directories
Excluding module TextureGraphInsight: Not under compatible directories
Excluding module TextureGraph: Not under compatible directories
Excluding module Continuable: Not under compatible directories
Excluding module Function2: Not under compatible directories
Excluding module EditorTraceUtilities: Not under compatible directories
Excluding module InsightsEditor: Not under compatible directories
Excluding module TraceUtilities: Not under compatible directories
Excluding module UbaController: Not under compatible directories
Excluding module ActorModifierCoreBlueprint: Not under compatible directories
Excluding module ActorModifierCoreEditor: Not under compatible directories
Excluding module ActorModifierCore: Not under compatible directories
Excluding module ActorModifierEditor: Not under compatible directories
Excluding module ActorModifierLayout: Not under compatible directories
Excluding module ActorModifierRendering: Not under compatible directories
Excluding module ActorModifier: Not under compatible directories
Excluding module AvalancheDataLinkEditor: Not under compatible directories
Excluding module AvalancheDataLink: Not under compatible directories
Excluding module AvalancheSceneStateBlueprint: Not under compatible directories
Excluding module AvalancheSceneStateEditor: Not under compatible directories
Excluding module AvalancheSceneState: Not under compatible directories
Excluding module AvalancheAttributeEditor: Not under compatible directories
Excluding module AvalancheAttribute: Not under compatible directories
Excluding module AvalancheCamera: Not under compatible directories
Excluding module AvalancheComponentVisualizers: Not under compatible directories
Excluding module AvalancheCore: Not under compatible directories
Excluding module AvalancheEditorCore: Not under compatible directories
Excluding module AvalancheEditor: Not under compatible directories
Excluding module AvalancheEffectorsEditor: Not under compatible directories
Excluding module AvalancheEffectors: Not under compatible directories
Excluding module AvalancheInteractiveToolsRuntime: Not under compatible directories
Excluding module AvalancheInteractiveTools: Not under compatible directories
Excluding module AvalancheLevelViewport: Not under compatible directories
Excluding module AvalancheMRQEditor: Not under compatible directories
Excluding module AvalancheMRQ: Not under compatible directories
Excluding module AvalancheMaskEditor: Not under compatible directories
Excluding module AvalancheMask: Not under compatible directories
Excluding module AvalancheMediaEditor: Not under compatible directories
Excluding module AvalancheMedia: Not under compatible directories
Excluding module AvalancheModifiersEditor: Not under compatible directories
Excluding module AvalancheModifiers: Not under compatible directories
Excluding module AvalancheOutliner: Not under compatible directories
Excluding module AvalanchePropertyAnimatorEditor: Not under compatible directories
Excluding module AvalanchePropertyAnimator: Not under compatible directories
Excluding module AvalancheRemoteControlEditor: Not under compatible directories
Excluding module AvalancheRemoteControl: Not under compatible directories
Excluding module AvalancheSVGEditor: Not under compatible directories
Excluding module AvalancheSceneRigEditor: Not under compatible directories
Excluding module AvalancheSceneRig: Not under compatible directories
Excluding module AvalancheSceneTree: Not under compatible directories
Excluding module AvalancheSequence: Not under compatible directories
Excluding module AvalancheSequencer: Not under compatible directories
Excluding module AvalancheShapesEditor: Not under compatible directories
Excluding module AvalancheShapes: Not under compatible directories
Excluding module AvalancheTagEditor: Not under compatible directories
Excluding module AvalancheTag: Not under compatible directories
Excluding module AvalancheTextEditor: Not under compatible directories
Excluding module AvalancheText: Not under compatible directories
Excluding module AvalancheTransitionEditor: Not under compatible directories
Excluding module AvalancheTransition: Not under compatible directories
Excluding module AvalancheViewport: Not under compatible directories
Excluding module Avalanche: Not under compatible directories
Excluding module TrackingAlignmentEditor: Not under compatible directories
Excluding module TrackingAlignment: Not under compatible directories
Excluding module CaptureDataCore: Not under compatible directories
Excluding module CaptureDataEditor: Not under compatible directories
Excluding module CaptureDataUtils: Not under compatible directories
Excluding module CaptureDataConverter: Not under compatible directories
Excluding module CaptureManagerEditor: Not under compatible directories
Excluding module CaptureManagerMediaRW: Not under compatible directories
Excluding module CaptureManagerPipeline: Not under compatible directories
Excluding module CaptureManagerSettings: Not under compatible directories
Excluding module CaptureManagerUnrealEndpoint: Not under compatible directories
Excluding module ExampleLiveLinkDevices: Not under compatible directories
Excluding module IngestLiveLinkDevice: Not under compatible directories
Excluding module LiveLinkCapabilities: Not under compatible directories
Excluding module LiveLinkFaceMetadata: Not under compatible directories
Excluding module StereoCameraMetadata: Not under compatible directories
Excluding module CaptureManagerStyle: Not under compatible directories
Excluding module CaptureManagerTakeMetadata: Not under compatible directories
Excluding module CaptureProtocolStack: Not under compatible directories
Excluding module CaptureUtils: Not under compatible directories
Excluding module DataIngestCore: Not under compatible directories
Excluding module LiveLinkHubCaptureMessaging: Not under compatible directories
Excluding module CPSLiveLinkDevice: Not under compatible directories
Excluding module MonoVideoIngestDevice: Not under compatible directories
Excluding module StereoVideoIngestDevice: Not under compatible directories
Excluding module TakeArchiveIngestDevice: Not under compatible directories
Excluding module VideoLiveLinkDeviceCommon: Not under compatible directories
Excluding module CaptureManagerEditorSettings: Not under compatible directories
Excluding module DataIngestCoreEditor: Not under compatible directories
Excluding module LiveLinkHubDiscoveryEditor: Not under compatible directories
Excluding module LiveLinkHubExportServer: Not under compatible directories
Excluding module LiveLinkHubWorkerManager: Not under compatible directories
Excluding module ClonerEffectorEditor: Not under compatible directories
Excluding module ClonerEffectorMeshBuilder: Not under compatible directories
Excluding module ClonerEffector: Not under compatible directories
Excluding module CompositePlane: Not under compatible directories
Excluding module CustomDetailsView: Not under compatible directories
Excluding module DMXControlConsoleEditor: Not under compatible directories
Excluding module DMXControlConsole: Not under compatible directories
Excluding module DMXDisplayClusterLightCard: Not under compatible directories
Excluding module DMXDisplayCluster: Not under compatible directories
Excluding module DMXBlueprintGraph: Not under compatible directories
Excluding module DMXEditor: Not under compatible directories
Excluding module DMXRuntime: Not under compatible directories
Excluding module DMXFixtures: Not under compatible directories
Excluding module DMXGDTFTests: Not under compatible directories
Excluding module DMXGDTF: Not under compatible directories
Excluding module DMXZip: Not under compatible directories
Excluding module DMXFixtureActorInterface: Not under compatible directories
Excluding module DMXPixelMappingBlueprintGraph: Not under compatible directories
Excluding module DMXPixelMappingCore: Not under compatible directories
Excluding module DMXPixelMappingEditorWidgets: Not under compatible directories
Excluding module DMXPixelMappingEditor: Not under compatible directories
Excluding module DMXPixelMappingRenderer: Not under compatible directories
Excluding module DMXPixelMappingRuntime: Not under compatible directories
Excluding module DMXProtocolArtNet: Not under compatible directories
Excluding module DMXProtocolBlueprintGraph: Not under compatible directories
Excluding module DMXProtocolEditor: Not under compatible directories
Excluding module DMXProtocolSACN: Not under compatible directories
Excluding module DMXProtocol: Not under compatible directories
Excluding module DatasmithMVRTranslator: Not under compatible directories
Excluding module DataChartsEditor: Not under compatible directories
Excluding module DataCharts: Not under compatible directories
Excluding module DataLinkOAuthEditor: Not under compatible directories
Excluding module DataLinkOAuth: Not under compatible directories
Excluding module DataLinkDataTable: Not under compatible directories
Excluding module DataLinkEdGraph: Not under compatible directories
Excluding module DataLinkEditor: Not under compatible directories
Excluding module DataLinkHttp: Not under compatible directories
Excluding module DataLinkJsonEditor: Not under compatible directories
Excluding module DataLinkJson: Not under compatible directories
Excluding module DataLinkWebSocket: Not under compatible directories
Excluding module DataLink: Not under compatible directories
Excluding module DynamicMaterialEditor: Not under compatible directories
Excluding module DynamicMaterialShaders: Not under compatible directories
Excluding module DynamicMaterialTextureSetEditor: Not under compatible directories
Excluding module DynamicMaterialTextureSet: Not under compatible directories
Excluding module DynamicMaterial: Not under compatible directories
Excluding module EpicStageApp: Not under compatible directories
Excluding module GeometryMaskEditor: Not under compatible directories
Excluding module GeometryMask: Not under compatible directories
Excluding module ICVFXTesting: Not under compatible directories
Excluding module FoliageSupport: Not under compatible directories
Excluding module LevelSnapshotFilters: Not under compatible directories
Excluding module LevelSnapshotsEditor: Not under compatible directories
Excluding module LevelSnapshots: Not under compatible directories
Excluding module nDisplaySupport: Not under compatible directories
Excluding module LiveLinkCameraEditor: Not under compatible directories
Excluding module LiveLinkCameraRecording: Not under compatible directories
Excluding module LiveLinkCamera: Not under compatible directories
Excluding module LiveLinkFreeD: Not under compatible directories
Excluding module LiveLinkInputDevice: Not under compatible directories
Excluding module LiveLinkLens: Not under compatible directories
Excluding module LiveLinkMasterLockitEditor: Not under compatible directories
Excluding module LiveLinkMasterLockit: Not under compatible directories
Excluding module LiveLinkOpenTrackIO: Not under compatible directories
Excluding module LiveLinkPrestonMDREditor: Not under compatible directories
Excluding module LiveLinkPrestonMDR: Not under compatible directories
Excluding module LiveLinkVRPN: Not under compatible directories
Excluding module LiveLinkXROpenXRExt: Not under compatible directories
Excluding module LiveLinkXR: Not under compatible directories
Excluding module ConcertTakeRecorder: Not under compatible directories
Excluding module OperatorStackEditor: Not under compatible directories
Excluding module PerformanceCaptureWorkflowRuntime: Not under compatible directories
Excluding module PerformanceCaptureWorkflow: Not under compatible directories
Excluding module PropertyAnimatorCoreEditor: Not under compatible directories
Excluding module PropertyAnimatorCore: Not under compatible directories
Excluding module PropertyAnimatorEditor: Not under compatible directories
Excluding module PropertyAnimator: Not under compatible directories
Excluding module RemoteControlInterception: Not under compatible directories
Excluding module RemoteControlProtocolDMXEditor: Not under compatible directories
Excluding module RemoteControlProtocolDMX: Not under compatible directories
Excluding module RemoteControlProtocolMIDIEditor: Not under compatible directories
Excluding module RemoteControlProtocolMIDI: Not under compatible directories
Excluding module RemoteControlProtocolOSC: Not under compatible directories
Excluding module RemoteControlWebInterface: Not under compatible directories
Excluding module RemoteControlCommon: Not under compatible directories
Excluding module RemoteControlLogic: Not under compatible directories
Excluding module RemoteControlProtocolWidgets: Not under compatible directories
Excluding module RemoteControlProtocol: Not under compatible directories
Excluding module RemoteControlUI: Not under compatible directories
Excluding module RemoteControl: Not under compatible directories
Excluding module WebRemoteControl: Not under compatible directories
Excluding module RivermaxCore: Not under compatible directories
Excluding module RivermaxEditor: Not under compatible directories
Excluding module RivermaxRendering: Not under compatible directories
Excluding module RivermaxMediaEditor: Not under compatible directories
Excluding module RivermaxMedia: Not under compatible directories
Excluding module RivermaxSyncEditor: Not under compatible directories
Excluding module RivermaxSync: Not under compatible directories
Excluding module SVGImporterEditor: Not under compatible directories
Excluding module SVGImporter: Not under compatible directories
Excluding module SceneStateDataLinkEditor: Not under compatible directories
Excluding module SceneStateDataLink: Not under compatible directories
Excluding module SceneStateBinding: Not under compatible directories
Excluding module SceneStateBlueprintEditor: Not under compatible directories
Excluding module SceneStateBlueprint: Not under compatible directories
Excluding module SceneStateEditor: Not under compatible directories
Excluding module SceneStateEventEditor: Not under compatible directories
Excluding module SceneStateEventGraph: Not under compatible directories
Excluding module SceneStateEvent: Not under compatible directories
Excluding module SceneStateGameplayEditor: Not under compatible directories
Excluding module SceneStateGameplay: Not under compatible directories
Excluding module SceneStateMachineEditor: Not under compatible directories
Excluding module SceneStateMachineGraph: Not under compatible directories
Excluding module SceneStateTasks: Not under compatible directories
Excluding module SceneStateTransitionGraph: Not under compatible directories
Excluding module SceneState: Not under compatible directories
Excluding module SequencerPlaylists: Not under compatible directories
Excluding module StageDataProvider: Not under compatible directories
Excluding module StageMonitorCommon: Not under compatible directories
Excluding module StageMonitorEditor: Not under compatible directories
Excluding module StageMonitor: Not under compatible directories
Excluding module StormSyncAvaBridgeEditor: Not under compatible directories
Excluding module StormSyncAvaBridge: Not under compatible directories
Excluding module StormSyncCore: Not under compatible directories
Excluding module StormSyncDrives: Not under compatible directories
Excluding module StormSyncEditor: Not under compatible directories
Excluding module StormSyncImport: Not under compatible directories
Excluding module StormSyncTests: Not under compatible directories
Excluding module SwitchboardCommon: Not under compatible directories
Excluding module SwitchboardEditor: Not under compatible directories
Excluding module CacheTrackRecorder: Not under compatible directories
Excluding module TakeMovieScene: Not under compatible directories
Excluding module TakeRecorderNamingTokens: Not under compatible directories
Excluding module TakeRecorderSources: Not under compatible directories
Excluding module TakeRecorder: Not under compatible directories
Excluding module TakeSequencer: Not under compatible directories
Excluding module TakeTrackRecorders: Not under compatible directories
Excluding module TakesCore: Not under compatible directories
Excluding module Text3DEditor: Not under compatible directories
Excluding module Text3D: Not under compatible directories
Excluding module TextureShareCore: Not under compatible directories
Excluding module TextureShareDisplayCluster: Not under compatible directories
Excluding module TextureShare: Not under compatible directories
Excluding module TimedDataMonitorEditor: Not under compatible directories
Excluding module TimedDataMonitor: Not under compatible directories
Excluding module VCamBlueprintNodes: Not under compatible directories
Excluding module VCamCoreEditor: Not under compatible directories
Excluding module VCamCore: Not under compatible directories
Excluding module VCamExtensionsEditor: Not under compatible directories
Excluding module VCamExtensions: Not under compatible directories
Excluding module VirtualCameraEditor: Not under compatible directories
Excluding module VirtualCamera: Not under compatible directories
Excluding module VirtualScoutingEditor: Not under compatible directories
Excluding module VirtualScoutingOpenXR: Not under compatible directories
Excluding module VirtualScouting: Not under compatible directories
Excluding module HttpBlueprintGraph: Not under compatible directories
Excluding module HttpBlueprint: Not under compatible directories
Excluding module CsvMetrics: Not under compatible directories
Excluding module WorldMetricsCore: Not under compatible directories
Excluding module WorldMetricsTest: Not under compatible directories
Excluding module XGEController: Not under compatible directories
Excluding module AndroidDeviceDetection: Excluded folder name
Excluding module AndroidPlatformEditor: Excluded folder name
Excluding module AndroidTargetPlatformControls: Excluded folder name
Excluding module AndroidTargetPlatformSettings: Excluded folder name
Excluding module AndroidTargetPlatform: Excluded folder name
Excluding module MetalShaderFormat: Excluded folder name
Excluding module IOSPlatformEditor: Excluded folder name
Excluding module IOSTargetPlatformControls: Excluded folder name
Excluding module IOSTargetPlatformSettings: Excluded folder name
Excluding module IOSTargetPlatform: Excluded folder name
Excluding module TVOSTargetPlatformControls: Excluded folder name
Excluding module TVOSTargetPlatformSettings: Excluded folder name
Excluding module TVOSTargetPlatform: Excluded folder name
Excluding module LinuxArm64TargetPlatformControls: Excluded folder name
Excluding module LinuxArm64TargetPlatformSettings: Excluded folder name
Excluding module LinuxArm64TargetPlatform: Excluded folder name
Excluding module LinuxPlatformEditor: Excluded folder name
Excluding module LinuxTargetPlatformControls: Excluded folder name
Excluding module LinuxTargetPlatformSettings: Excluded folder name
Excluding module LinuxTargetPlatform: Excluded folder name
Excluding module MacPlatformEditor: Excluded folder name
Excluding module MacTargetPlatformControls: Excluded folder name
Excluding module MacTargetPlatformSettings: Excluded folder name
Excluding module MacTargetPlatform: Excluded folder name
Excluding module SlateFontDialog: Does not support Platform 'Win64'
Excluding module AndroidLocalNotification: Excluded folder name
Excluding module AndroidRuntimeSettings: Excluded folder name
Excluding module AudioMixerAndroid: Excluded folder name
Excluding module AudioMixerAudioUnit: Excluded folder name
Excluding module AudioMixerCoreAudio: Excluded folder name
Excluding module MetalRHI: Excluded folder name
Excluding module AudioCaptureAndroid: Excluded folder name
Excluding module AudioCaptureAudioUnit: Excluded folder name
Excluding module IOSAudio: Excluded folder name
Excluding module IOSLocalNotification: Excluded folder name
Excluding module IOSPlatformFeatures: Excluded folder name
Excluding module IOSRuntimeSettings: Excluded folder name
Excluding module MarketplaceKit: Excluded folder name
Excluding module AudioMixerSDL: Excluded folder name
Excluding module UnixCommonStartup: Excluded folder name
Excluding module AMD_AGS: Not under compatible directories
Excluding module Amf: Not under compatible directories
Excluding module ArmlibGPUInfo: Not under compatible directories
Excluding module AlembicLib: Not under compatible directories
Excluding module MetalShaderConverter: Not under compatible directories
Excluding module ProResLib: Not under compatible directories
Excluding module Swift: Not under compatible directories
Excluding module AtomicQueue: Not under compatible directories
Excluding module DNxHR: Not under compatible directories
Excluding module DNxMXF: Not under compatible directories
Excluding module DNxUncompressed: Not under compatible directories
Excluding module BLAKE3: Not under compatible directories
Excluding module Blosc: Not under compatible directories
Excluding module Boost: Not under compatible directories
Excluding module CEF3: Not under compatible directories
Excluding module Catch2: Not under compatible directories
Excluding module Catch2Extras: Not under compatible directories
Excluding module ConcurrencyVisualizer: Not under compatible directories
Excluding module DiaSdk: Not under compatible directories
Excluding module DirectML: Not under compatible directories
Excluding module DirectShow: Not under compatible directories
Excluding module EOSSDK: Not under compatible directories
Excluding module Eigen: Not under compatible directories
Excluding module Expat: Not under compatible directories
Excluding module FBX: Not under compatible directories
Excluding module Facebook: Not under compatible directories
Excluding module ForsythTriOptimizer: Not under compatible directories
Excluding module FreeImage: Not under compatible directories
Excluding module FreeType2: Not under compatible directories
Excluding module GKlib: Not under compatible directories
Excluding module GoogleARCoreSDK: Not under compatible directories
Excluding module GoogleGameSDK: Not under compatible directories
Excluding module GoogleOboe: Not under compatible directories
Excluding module GoogleTest: Not under compatible directories
Excluding module GuidelinesSupportLibrary: Not under compatible directories
Excluding module HAPLib: Not under compatible directories
Excluding module SnappyLib: Not under compatible directories
Excluding module HarfBuzz: Not under compatible directories
Excluding module ICU: Not under compatible directories
Excluding module Imath: Not under compatible directories
Excluding module Embree: Not under compatible directories
Excluding module IntelExtensionsFramework: Not under compatible directories
Excluding module IntelISPCTexComp: Not under compatible directories
Excluding module IntelISPC: Not under compatible directories
Excluding module IntelOIDN: Not under compatible directories
Excluding module IntelTBB: Not under compatible directories
Excluding module IntelVTune: Not under compatible directories
Excluding module oneAPILevelZero: Not under compatible directories
Excluding module Kiss_FFT: Not under compatible directories
Excluding module LibTiff: Not under compatible directories
Excluding module MaterialX: Not under compatible directories
Excluding module MetalCPP: Not under compatible directories
Excluding module MikkTSpace: Not under compatible directories
Excluding module MsQuic: Not under compatible directories
Excluding module CUDAHeader: Not under compatible directories
Excluding module GPUDirect: Not under compatible directories
Excluding module GeForceNOW: Not under compatible directories
Excluding module NVML: Not under compatible directories
Excluding module NVAftermath: Not under compatible directories
Excluding module RivermaxLib: Not under compatible directories
Excluding module nvDecode: Not under compatible directories
Excluding module nvEncode: Not under compatible directories
Excluding module NVAPI: Not under compatible directories
Excluding module OculusOpenXRLoader: Not under compatible directories
Excluding module UEOgg: Not under compatible directories
Excluding module OpenColorIOLib: Not under compatible directories
Excluding module OpenGL: Not under compatible directories
Excluding module OpenSSL: Not under compatible directories
Excluding module OpenSubdiv: Not under compatible directories
Excluding module OpenVDB: Not under compatible directories
Excluding module OpenXR: Not under compatible directories
Excluding module PLCrashReporter: Not under compatible directories
Excluding module Perforce: Not under compatible directories
Excluding module Protobuf: Not under compatible directories
Excluding module Python3: Not under compatible directories
Excluding module RapidJSON: Not under compatible directories
Excluding module RenderDoc: Not under compatible directories
Excluding module SDL3: Not under compatible directories
Excluding module SPIRVReflect: Not under compatible directories
Excluding module ShaderConductor: Not under compatible directories
Excluding module SoundTouchZ: Not under compatible directories
Excluding module SpeedTree: Not under compatible directories
Excluding module Steamworks: Not under compatible directories
Excluding module SuperLuminal: Not under compatible directories
Excluding module TinyXML2: Not under compatible directories
Excluding module VHACD: Not under compatible directories
Excluding module VSPerfExternalProfiler: Not under compatible directories
Excluding module Vorbis: Not under compatible directories
Excluding module VorbisFile: Not under compatible directories
Excluding module Vulkan: Not under compatible directories
Excluding module WebRTC: Not under compatible directories
Excluding module WinHttp: Not under compatible directories
Excluding module AgilitySDK: Not under compatible directories
Excluding module DX11: Not under compatible directories
Excluding module DX11Audio: Not under compatible directories
Excluding module DX12: Not under compatible directories
Excluding module DX9: Not under compatible directories
Excluding module DirectSound: Not under compatible directories
Excluding module DirectX: Not under compatible directories
Excluding module WinPixEventRuntime: Not under compatible directories
Excluding module XAudio2_9: Not under compatible directories
Excluding module XInput: Not under compatible directories
Excluding module Wintab: Not under compatible directories
Excluding module abseil: Not under compatible directories
Excluding module Asio: Not under compatible directories
Excluding module astcenc: Not under compatible directories
Excluding module coremod: Not under compatible directories
Excluding module dr_libs: Not under compatible directories
Excluding module etc2comp: Not under compatible directories
Excluding module heapprofd: Not under compatible directories
Excluding module HLSLCC: Not under compatible directories
Excluding module jemalloc: Not under compatible directories
Excluding module libFLAC: Not under compatible directories
Excluding module libGPUCounters: Not under compatible directories
Excluding module UElibJPG: Not under compatible directories
Excluding module libOpus: Not under compatible directories
Excluding module UElibPNG: Not under compatible directories
Excluding module libPhonon: Not under compatible directories
Excluding module UELibSampleRate: Not under compatible directories
Excluding module libWebSockets: Not under compatible directories
Excluding module libav: Not under compatible directories
Excluding module libcurl: Not under compatible directories
Excluding module LibJpegTurbo: Not under compatible directories
Excluding module libpas: Not under compatible directories
Excluding module libstrophe: Not under compatible directories
Excluding module LibVpx: Not under compatible directories
Excluding module libzip: Not under compatible directories
Excluding module metis: Not under compatible directories
Excluding module mimalloc: Not under compatible directories
Excluding module nanoflann: Not under compatible directories
Excluding module Nanosvg: Not under compatible directories
Excluding module nghttp2: Not under compatible directories
Excluding module nvTextureTools: Not under compatible directories
Excluding module nvTriStrip: Not under compatible directories
Excluding module nvTessLib: Not under compatible directories
Excluding module UEOpenExr: Not under compatible directories
Excluding module portmidi: Not under compatible directories
Excluding module pugixml: Not under compatible directories
Excluding module RPCLib: Not under compatible directories
Excluding module simde: Not under compatible directories
Excluding module stb_image_resize2: Not under compatible directories
Excluding module VKQuality: Not under compatible directories
Excluding module xxhash: Not under compatible directories
Excluding module zlib: Not under compatible directories
Excluding module ACLPlugin_Android: Not under compatible directories
Excluding module RigLogicLib_Android: Not under compatible directories
Excluding module RigLogicLib_IOS: Not under compatible directories
Excluding module AudioCapture_VisionOS: Not under compatible directories
Excluding module OXRVisionOS: Not under compatible directories
Excluding module AISupportModule: Not under compatible directories
Excluding module HTNPlanner: Not under compatible directories
Excluding module HTNTestSuite: Not under compatible directories
Excluding module MLAdapterTestSuite: Not under compatible directories
Excluding module MLAdapter: Not under compatible directories
Excluding module MassAIBehaviorEditor: Not under compatible directories
Excluding module MassAIBehavior: Not under compatible directories
Excluding module MassAIDebug: Not under compatible directories
Excluding module MassAIReplication: Not under compatible directories
Excluding module MassAITestSuite: Not under compatible directories
Excluding module MassNavMeshNavigation: Not under compatible directories
Excluding module MassNavigationEditor: Not under compatible directories
Excluding module MassNavigation: Not under compatible directories
Excluding module MassZoneGraphNavigation: Not under compatible directories
Excluding module MassCrowd: Not under compatible directories
Excluding module ACLPluginEditor: Not under compatible directories
Excluding module ACLPlugin: Not under compatible directories
Excluding module AnimationLocomotionLibraryEditor: Not under compatible directories
Excluding module AnimationLocomotionLibraryRuntime: Not under compatible directories
Excluding module AnimationModifierLibrary: Not under compatible directories
Excluding module AnimationWarpingEditor: Not under compatible directories
Excluding module AnimationWarpingRuntime: Not under compatible directories
Excluding module AnimatorKitSettings: Not under compatible directories
Excluding module BlendSpaceMotionAnalysis: Not under compatible directories
Excluding module ControlRigSpline: Not under compatible directories
Excluding module ControlRigDeveloper: Not under compatible directories
Excluding module ControlRigEditor: Not under compatible directories
Excluding module ControlRig: Not under compatible directories
Excluding module DNACalibLibTest: Not under compatible directories
Excluding module DNACalibLib: Not under compatible directories
Excluding module DNACalibModule: Not under compatible directories
Excluding module OptimusCore: Not under compatible directories
Excluding module OptimusDeveloper: Not under compatible directories
Excluding module OptimusEditor: Not under compatible directories
Excluding module OptimusSettings: Not under compatible directories
Excluding module GameplayInsightsEditor: Not under compatible directories
Excluding module GameplayInsights: Not under compatible directories
Excluding module RewindDebuggerRuntime: Not under compatible directories
Excluding module RewindDebuggerVLogRuntime: Not under compatible directories
Excluding module RewindDebuggerVLog: Not under compatible directories
Excluding module RewindDebugger: Not under compatible directories
Excluding module GeneSplicerLibTest: Not under compatible directories
Excluding module GeneSplicerLib: Not under compatible directories
Excluding module GeneSplicerModule: Not under compatible directories
Excluding module IKRigDeveloper: Not under compatible directories
Excluding module IKRigEditor: Not under compatible directories
Excluding module LiveLinkCurveDebugUI: Not under compatible directories
Excluding module LiveLinkHubEditor: Not under compatible directories
Excluding module LiveLinkHubMessaging: Not under compatible directories
Excluding module LiveLinkComponents: Not under compatible directories
Excluding module LiveLinkEditor: Not under compatible directories
Excluding module LiveLinkGraphNode: Not under compatible directories
Excluding module LiveLinkMovieScene: Not under compatible directories
Excluding module LiveLinkMultiUser: Not under compatible directories
Excluding module LiveLinkSequencer: Not under compatible directories
Excluding module LiveLink: Not under compatible directories
Excluding module MLDeformerFrameworkEditor: Not under compatible directories
Excluding module NearestNeighborModelEditor: Not under compatible directories
Excluding module NeuralMorphModelEditor: Not under compatible directories
Excluding module VertexDeltaModelEditor: Not under compatible directories
Excluding module RigLogicDeveloper: Not under compatible directories
Excluding module RigLogicEditor: Not under compatible directories
Excluding module RigLogicLibTest: Not under compatible directories
Excluding module RigLogicLib: Not under compatible directories
Excluding module RigLogicModule: Not under compatible directories
Excluding module Bridge: Not under compatible directories
Excluding module MegascansPlugin: Not under compatible directories
Excluding module GameplayCamerasUncookedOnly: Not under compatible directories
Excluding module ChaosInsightsAnalysis: Not under compatible directories
Excluding module ChaosInsightsUI: Not under compatible directories
Excluding module ChaosVDBlueprint: Not under compatible directories
Excluding module ChooserEditor: Not under compatible directories
Excluding module ChooserUncooked: Not under compatible directories
Excluding module Chooser: Not under compatible directories
Excluding module ProxyTableEditor: Not under compatible directories
Excluding module ProxyTableUncooked: Not under compatible directories
Excluding module ProxyTable: Not under compatible directories
Excluding module ComposureEditor: Not under compatible directories
Excluding module Composure: Not under compatible directories
Excluding module LensDistortion: Not under compatible directories
Excluding module OpenCVLensDistortion: Not under compatible directories
Excluding module OpenColorIOEditor: Not under compatible directories
Excluding module OpenColorIO: Not under compatible directories
Excluding module BlankPlugin: Not under compatible directories
Excluding module CLionSourceCodeAccess: Not under compatible directories
Excluding module CodeLiteSourceCodeAccess: Not under compatible directories
Excluding module DisasterRecoveryClient: Not under compatible directories
Excluding module MultiUserClientLibrary: Not under compatible directories
Excluding module MultiUserClient: Not under compatible directories
Excluding module MultiUserReplicationEditor: Not under compatible directories
Excluding module MultiUserServer: Not under compatible directories
Excluding module ConcertClient: Not under compatible directories
Excluding module ConcertServer: Not under compatible directories
Excluding module ConcertTransport: Not under compatible directories
Excluding module Concert: Not under compatible directories
Excluding module ConcertReplicationScriptingEditor: Not under compatible directories
Excluding module ConcertReplicationScripting: Not under compatible directories
Excluding module ConcertSyncClient: Not under compatible directories
Excluding module ConcertSyncCore: Not under compatible directories
Excluding module ConcertSyncServer: Not under compatible directories
Excluding module ConcertSyncTest: Not under compatible directories
Excluding module ConcertClientSharedSlate: Not under compatible directories
Excluding module ConcertSharedSlate: Not under compatible directories
Excluding module DirectoryPlaceholder: Not under compatible directories
Excluding module DumpGPUServices: Not under compatible directories
Excluding module GPUReshape: Not under compatible directories
Excluding module KDevelopSourceCodeAccess: Not under compatible directories
Excluding module N10XSourceCodeAccess: Not under compatible directories
Excluding module NullSourceCodeAccess: Not under compatible directories
Excluding module PixWinPlugin: Not under compatible directories
Excluding module PluginUtils: Not under compatible directories
Excluding module RenderDocPlugin: Not under compatible directories
Excluding module RiderSourceCodeAccess: Not under compatible directories
Excluding module UObjectPlugin: Not under compatible directories
Excluding module VisualStudioCodeSourceCodeAccess: Not under compatible directories
Excluding module VisualStudioSourceCodeAccess: Not under compatible directories
Excluding module XCodeSourceCodeAccess: Not under compatible directories
Excluding module XcodeGPUDebuggerPlugin: Not under compatible directories
Excluding module AssetReferenceRestrictions: Not under compatible directories
Excluding module ContentBrowserAliasDataSource: Not under compatible directories
Excluding module ContentBrowserAssetDataSource: Not under compatible directories
Excluding module ContentBrowserClassDataSource: Not under compatible directories
Excluding module ContentBrowserFileDataSource: Not under compatible directories
Excluding module EditorScriptingUtilities: Not under compatible directories
Excluding module FacialAnimationEditor: Not under compatible directories
Excluding module FacialAnimation: Not under compatible directories
Excluding module GameplayTagsEditor: Not under compatible directories
Excluding module IntroTutorials: Not under compatible directories
Excluding module PortableObjectFileDataSource: Not under compatible directories
Excluding module MacGraphicsSwitching: Not under compatible directories
Excluding module MaterialAnalyzer: Not under compatible directories
Excluding module MobileLauncherProfileWizard: Not under compatible directories
Excluding module PluginBrowser: Not under compatible directories
Excluding module ProxyLODMeshReduction: Not under compatible directories
Excluding module SpeedTreeImporter: Not under compatible directories
Excluding module StylusInputDebugWidget: Not under compatible directories
Excluding module StylusInputMac: Not under compatible directories
Excluding module StylusInputRealTimeStylus: Not under compatible directories
Excluding module StylusInputWintab: Not under compatible directories
Excluding module StylusInput: Not under compatible directories
Excluding module WaveformEditorWidgets: Not under compatible directories
Excluding module WaveformEditor: Not under compatible directories
Excluding module WaveformTransformationsWidgets: Not under compatible directories
Excluding module WaveformTransformations: Not under compatible directories
Excluding module EnhancedInput: Not under compatible directories
Excluding module InputBlueprintNodes: Not under compatible directories
Excluding module InputEditor: Not under compatible directories
Excluding module AxFImporter: Not under compatible directories
Excluding module DataprepCore: Not under compatible directories
Excluding module DataprepEditorScriptingUtilities: Not under compatible directories
Excluding module DataprepEditor: Not under compatible directories
Excluding module DataprepLibraries: Not under compatible directories
Excluding module DatasmithC4DTranslator: Not under compatible directories
Excluding module CADInterfaces: Not under compatible directories
Excluding module CADKernelSurface: Not under compatible directories
Excluding module CADTools: Not under compatible directories
Excluding module DatasmithCADTranslator: Not under compatible directories
Excluding module DatasmithDispatcher: Not under compatible directories
Excluding module DatasmithOpenNurbsTranslator: Not under compatible directories
Excluding module DatasmithPLMXMLTranslator: Not under compatible directories
Excluding module ParametricSurfaceExtension: Not under compatible directories
Excluding module ParametricSurface: Not under compatible directories
Excluding module DatasmithContentEditor: Not under compatible directories
Excluding module DatasmithContent: Not under compatible directories
Excluding module DatasmithDeltaGenTranslator: Not under compatible directories
Excluding module DatasmithFBXTranslator: Not under compatible directories
Excluding module DatasmithVREDTranslator: Not under compatible directories
Excluding module DatasmithExternalSource: Not under compatible directories
Excluding module DatasmithImporter: Not under compatible directories
Excluding module DatasmithNativeTranslator: Not under compatible directories
Excluding module DatasmithTranslator: Not under compatible directories
Excluding module DirectLinkExtensionEditor: Not under compatible directories
Excluding module DirectLinkExtension: Not under compatible directories
Excluding module DirectLinkTest: Not under compatible directories
Excluding module ExternalSource: Not under compatible directories
Excluding module LidarPointCloudEditor: Not under compatible directories
Excluding module LidarPointCloudRuntime: Not under compatible directories
Excluding module MDLImporter: Not under compatible directories
Excluding module VariantManagerContentEditor: Not under compatible directories
Excluding module VariantManagerContent: Not under compatible directories
Excluding module VariantManager: Not under compatible directories
Excluding module AbilitySystemGameFeatureActions: Not under compatible directories
Excluding module DetailPoseModelEditor: Not under compatible directories
Excluding module PackedAttributesTestSuite: Not under compatible directories
Excluding module BodyIntersectIKOp: Not under compatible directories
Excluding module RelativeBodyAnimInfo: Not under compatible directories
Excluding module RelativeBodyAnimUtils: Not under compatible directories
Excluding module RelativeIKOp: Not under compatible directories
Excluding module RigMapperOp: Not under compatible directories
Excluding module AsyncMessageSystemTests: Not under compatible directories
Excluding module AsyncMessageSystem: Not under compatible directories
Excluding module AutomationUtilsEditor: Not under compatible directories
Excluding module AutomationUtils: Not under compatible directories
Excluding module BlueprintStats: Not under compatible directories
Excluding module ChaosCachingUSD: Not under compatible directories
Excluding module ChaosCachingEditor: Not under compatible directories
Excluding module ChaosCaching: Not under compatible directories
Excluding module ChaosFleshDeprecatedNodes: Not under compatible directories
Excluding module ChaosFleshEditor: Not under compatible directories
Excluding module ChaosFleshEngine: Not under compatible directories
Excluding module ChaosFleshNodes: Not under compatible directories
Excluding module ChaosFlesh: Not under compatible directories
Excluding module ChaosModularVehicleEditor: Not under compatible directories
Excluding module ChaosModularVehicleEngine: Not under compatible directories
Excluding module ChaosModularVehicle: Not under compatible directories
Excluding module ChaosMover: Not under compatible directories
Excluding module ChaosSolverEditor: Not under compatible directories
Excluding module ChaosUserDataPT: Not under compatible directories
Excluding module ChaosVehiclesEditor: Not under compatible directories
Excluding module ChaosVehicles: Not under compatible directories
Excluding module CodeEditor: Not under compatible directories
Excluding module CodeView: Not under compatible directories
Excluding module DataflowEditor: Not under compatible directories
Excluding module DataflowEnginePlugin: Not under compatible directories
Excluding module DataflowNodes: Not under compatible directories
Excluding module DynamicWindEditor: Not under compatible directories
Excluding module DynamicWind: Not under compatible directories
Excluding module EditorTelemetry: Not under compatible directories
Excluding module DataprepGeometryOperations: Not under compatible directories
Excluding module DatasmithInterchange: Not under compatible directories
Excluding module EvaluationNotifiesEditor: Not under compatible directories
Excluding module EvaluationNotifiesRuntime: Not under compatible directories
Excluding module FastGeoStreaming: Not under compatible directories
Excluding module FieldSystemEditor: Not under compatible directories
Excluding module FractureEngine: Not under compatible directories
Excluding module GPULightmassEditor: Not under compatible directories
Excluding module GPULightmass: Not under compatible directories
Excluding module GameInputWindows: Not under compatible directories
Excluding module GameplayBehaviorsEditorModule: Not under compatible directories
Excluding module GameplayBehaviorsModule: Not under compatible directories
Excluding module GameplayBehaviorsTestSuite: Not under compatible directories
Excluding module GameplayGraph: Not under compatible directories
Excluding module Gauntlet: Not under compatible directories
Excluding module GeometryCollectionDepNodes: Not under compatible directories
Excluding module GeometryCollectionEditor: Not under compatible directories
Excluding module GeometryCollectionNodes: Not under compatible directories
Excluding module GeometryCollectionSequencer: Not under compatible directories
Excluding module GeometryCollectionTracks: Not under compatible directories
Excluding module GeometryDataflowNodes: Not under compatible directories
Excluding module GizmoSettings: Not under compatible directories
Excluding module GlobalConfigurationDataCore: Not under compatible directories
Excluding module GlobalConfigurationData: Not under compatible directories
Excluding module HairCardGeneratorDataflow: Not under compatible directories
Excluding module HairStrandsMutableEditor: Not under compatible directories
Excluding module HairStrandsMutable: Not under compatible directories
Excluding module ImagePlateEditor: Not under compatible directories
Excluding module ImagePlate: Not under compatible directories
Excluding module InstanceDataObjectFixupTool: Not under compatible directories
Excluding module InteractableInterface: Not under compatible directories
Excluding module JWT: Not under compatible directories
Excluding module LiveLinkControlRig: Not under compatible directories
Excluding module LiveLinkOpenVR: Not under compatible directories
Excluding module LocalizableMessageBlueprint: Not under compatible directories
Excluding module LocalizableMessage: Not under compatible directories
Excluding module LowLevelNetTrace: Not under compatible directories
Excluding module MeshResizingCore: Not under compatible directories
Excluding module MeshResizingEngine: Not under compatible directories
Excluding module MotoSynthEditor: Not under compatible directories
Excluding module MotoSynth: Not under compatible directories
Excluding module MotorSimOutputMotoSynth: Not under compatible directories
Excluding module MovieSceneAnimMixerEditor: Not under compatible directories
Excluding module MovieSceneAnimMixer: Not under compatible directories
Excluding module MovieScenePoseSearchTracksEditor: Not under compatible directories
Excluding module MovieScenePoseSearchTracks: Not under compatible directories
Excluding module MutableDataflowEditor: Not under compatible directories
Excluding module NFORDenoise: Not under compatible directories
Excluding module NaniteDisplacedMeshEditor: Not under compatible directories
Excluding module NaniteDisplacedMesh: Not under compatible directories
Excluding module OpenImageDenoise: Not under compatible directories
Excluding module OptiXDenoise: Not under compatible directories
Excluding module PCGFastGeoInterop: Not under compatible directories
Excluding module PCGInstancedActorsInterop: Not under compatible directories
Excluding module PCGNaniteAssembliesInterop: Not under compatible directories
Excluding module PCGNiagaraInterop: Not under compatible directories
Excluding module PCGWaterInterop: Not under compatible directories
Excluding module PanoramicCapture: Not under compatible directories
Excluding module PixelStreamingPlayerEditor: Not under compatible directories
Excluding module PixelStreamingPlayer: Not under compatible directories
Excluding module PlanarCut: Not under compatible directories
Excluding module PlatformCryptoContext: Not under compatible directories
Excluding module PlatformCryptoTypes: Not under compatible directories
Excluding module PlatformCrypto: Not under compatible directories
Excluding module PPMChainGraphEditor: Not under compatible directories
Excluding module ProceduralVegetation: Not under compatible directories
Excluding module PythonScriptPluginPreload: Not under compatible directories
Excluding module PythonScriptPlugin: Not under compatible directories
Excluding module QuicMessagingTransport: Not under compatible directories
Excluding module QuicMessaging: Not under compatible directories
Excluding module RawInput: Not under compatible directories
Excluding module RazerChromaDevices: Not under compatible directories
Excluding module RazerChromaEditor: Not under compatible directories
Excluding module RazerChromaSDK: Not under compatible directories
Excluding module RigLogicMutableEditor: Not under compatible directories
Excluding module RigLogicMutable: Not under compatible directories
Excluding module RuntimeTelemetry: Not under compatible directories
Excluding module SecuritySandbox: Not under compatible directories
Excluding module Shotgrid: Not under compatible directories
Excluding module SimpleHMD: Not under compatible directories
Excluding module SkeletalMeshReduction: Not under compatible directories
Excluding module StructUtilsEngine: Not under compatible directories
Excluding module StructUtils: Not under compatible directories
Excluding module SubtitlesAndClosedCaptionsEditor: Not under compatible directories
Excluding module SubtitlesAndClosedCaptions: Not under compatible directories
Excluding module TargetDeviceServicesScripting: Not under compatible directories
Excluding module TetMeshing: Not under compatible directories
Excluding module ToolPresetEditor: Not under compatible directories
Excluding module UAFAnimGraphEditor: Not under compatible directories
Excluding module UAFAnimGraphTestSuite: Not under compatible directories
Excluding module UAFAnimGraphUncookedOnly: Not under compatible directories
Excluding module UAFAnimGraph: Not under compatible directories
Excluding module UAFChooser: Not under compatible directories
Excluding module UAFControlRigEditor: Not under compatible directories
Excluding module UAFControlRig: Not under compatible directories
Excluding module UAFPoseSearchUncookedOnly: Not under compatible directories
Excluding module UAFPoseSearch: Not under compatible directories
Excluding module UAFStateTreeEditor: Not under compatible directories
Excluding module UAFStateTreeUncookedOnly: Not under compatible directories
Excluding module UAFStateTree: Not under compatible directories
Excluding module UAFWarping: Not under compatible directories
Excluding module UAFEditor: Not under compatible directories
Excluding module UAFTestSuite: Not under compatible directories
Excluding module UAFUncookedOnly: Not under compatible directories
Excluding module UAF: Not under compatible directories
Excluding module WebSocketNetworking: Not under compatible directories
Excluding module WorkspaceEditor: Not under compatible directories
Excluding module NiagaraFluids: Not under compatible directories
Excluding module NiagaraMRQ: Not under compatible directories
Excluding module NiagaraNaniteEditor: Not under compatible directories
Excluding module NiagaraNanite: Not under compatible directories
Excluding module NiagaraSimCachingEditor: Not under compatible directories
Excluding module NiagaraSimCaching: Not under compatible directories
Excluding module AlembicHairTranslatorModule: Not under compatible directories
Excluding module USDClassesEditor: Not under compatible directories
Excluding module USDExporter: Not under compatible directories
Excluding module USDSchemas: Not under compatible directories
Excluding module USDStageEditorViewModels: Not under compatible directories
Excluding module USDStageEditor: Not under compatible directories
Excluding module USDStageImporter: Not under compatible directories
Excluding module USDStage: Not under compatible directories
Excluding module USDTests: Not under compatible directories
Excluding module InterchangeAssets: Not under compatible directories
Excluding module InterchangeEditor: Not under compatible directories
Excluding module InterchangeEditorPipelines: Not under compatible directories
Excluding module InterchangeEditorUtilities: Not under compatible directories
Excluding module InterchangeOpenUSDEditor: Not under compatible directories
Excluding module InterchangeOpenUSDImport: Not under compatible directories
Excluding module InterchangeOpenVDBImport: Not under compatible directories
Excluding module InterchangeCommon: Not under compatible directories
Excluding module InterchangeDispatcher: Not under compatible directories
Excluding module InterchangeExport: Not under compatible directories
Excluding module InterchangeFactoryNodes: Not under compatible directories
Excluding module InterchangeImport: Not under compatible directories
Excluding module InterchangeMessages: Not under compatible directories
Excluding module InterchangeNodes: Not under compatible directories
Excluding module InterchangeCommonParser: Not under compatible directories
Excluding module InterchangeFbxParser: Not under compatible directories
Excluding module GLTFCore: Not under compatible directories
Excluding module InterchangePipelines: Not under compatible directories
Excluding module IoStoreInsights: Not under compatible directories
Excluding module MassInsightsAnalysis: Not under compatible directories
Excluding module MassInsightsUI: Not under compatible directories
Excluding module AjaMediaEditor: Not under compatible directories
Excluding module AjaMediaFactory: Not under compatible directories
Excluding module AjaMediaOutput: Not under compatible directories
Excluding module AjaMedia: Not under compatible directories
Excluding module AndroidCameraEditor: Not under compatible directories
Excluding module AndroidCameraFactory: Not under compatible directories
Excluding module AndroidCamera: Not under compatible directories
Excluding module AndroidMediaEditor: Not under compatible directories
Excluding module AndroidMediaFactory: Not under compatible directories
Excluding module AndroidMedia: Not under compatible directories
Excluding module AppleProResDecoderElectra: Not under compatible directories
Excluding module AppleProResMedia: Not under compatible directories
Excluding module AudioCaptureTimecodeProvider: Not under compatible directories
Excluding module AvfMediaCapture: Not under compatible directories
Excluding module AvfMediaEditor: Not under compatible directories
Excluding module AvfMediaFactory: Not under compatible directories
Excluding module AvfMedia: Not under compatible directories
Excluding module AvidDNxHDDecoderElectra: Not under compatible directories
Excluding module AvidDNxMedia: Not under compatible directories
Excluding module BlackmagicMediaEditor: Not under compatible directories
Excluding module BlackmagicMediaFactory: Not under compatible directories
Excluding module BlackmagicMediaOutput: Not under compatible directories
Excluding module BlackmagicMedia: Not under compatible directories
Excluding module D3D12VideoDecodersElectra: Not under compatible directories
Excluding module ElectraCDM: Not under compatible directories
Excluding module ElectraCodecFactory: Not under compatible directories
Excluding module ElectraDecoders: Not under compatible directories
Excluding module ElectraPlayerFactory: Not under compatible directories
Excluding module ElectraPlayerPluginHandler: Not under compatible directories
Excluding module ElectraPlayerPlugin: Not under compatible directories
Excluding module ElectraPlayerRuntime: Not under compatible directories
Excluding module ElectraProtronFactory: Not under compatible directories
Excluding module ElectraProtron: Not under compatible directories
Excluding module ElectraSubtitles: Not under compatible directories
Excluding module ElectraBase: Not under compatible directories
Excluding module ElectraSamples: Not under compatible directories
Excluding module FlacDecoderElectra: Not under compatible directories
Excluding module HAPDecoderElectra: Not under compatible directories
Excluding module HAPMedia: Not under compatible directories
Excluding module ExrReaderGpu: Not under compatible directories
Excluding module ImgMediaEditor: Not under compatible directories
Excluding module ImgMediaEngine: Not under compatible directories
Excluding module ImgMediaFactory: Not under compatible directories
Excluding module ImgMedia: Not under compatible directories
Excluding module OpenExrWrapper: Not under compatible directories
Excluding module LinearTimecode: Not under compatible directories
Excluding module MJPEGDecoderElectra: Not under compatible directories
Excluding module MediaCompositingEditor: Not under compatible directories
Excluding module MediaCompositing: Not under compatible directories
Excluding module MediaFrameworkUtilitiesEditor: Not under compatible directories
Excluding module MediaFrameworkUtilities: Not under compatible directories
Excluding module GPUTextureTransfer: Not under compatible directories
Excluding module MediaIOCore: Not under compatible directories
Excluding module MediaIOEditor: Not under compatible directories
Excluding module MfMediaEditor: Not under compatible directories
Excluding module MfMediaFactory: Not under compatible directories
Excluding module MfMedia: Not under compatible directories
Excluding module OpusDecoderElectra: Not under compatible directories
Excluding module PixelCaptureShaders: Not under compatible directories
Excluding module PixelCapture: Not under compatible directories
Excluding module PixelStreaming2Core: Not under compatible directories
Excluding module PixelStreaming2Editor: Not under compatible directories
Excluding module PixelStreaming2HMD: Not under compatible directories
Excluding module PixelStreaming2Input: Not under compatible directories
Excluding module PixelStreaming2RTC: Not under compatible directories
Excluding module PixelStreaming2Servers: Not under compatible directories
Excluding module PixelStreaming2Settings: Not under compatible directories
Excluding module PixelStreaming2: Not under compatible directories
Excluding module EpicRtc: Not under compatible directories
Excluding module PixelStreamingBlueprintEditor: Not under compatible directories
Excluding module PixelStreamingBlueprint: Not under compatible directories
Excluding module PixelStreamingEditor: Not under compatible directories
Excluding module PixelStreamingHMD: Not under compatible directories
Excluding module PixelStreamingInput: Not under compatible directories
Excluding module PixelStreamingServers: Not under compatible directories
Excluding module PixelStreaming: Not under compatible directories
Excluding module VPxDecoderElectra: Not under compatible directories
Excluding module WebMMediaEditor: Not under compatible directories
Excluding module WebMMediaFactory: Not under compatible directories
Excluding module WebMMedia: Not under compatible directories
Excluding module WmfMediaEditor: Not under compatible directories
Excluding module WmfMediaFactory: Not under compatible directories
Excluding module WmfMedia: Not under compatible directories
Excluding module MemoryUsageQueries: Not under compatible directories
Excluding module MeshPaintEditorMode: Not under compatible directories
Excluding module MeshPaintingToolset: Not under compatible directories
Excluding module TcpMessaging: Not under compatible directories
Excluding module UdpMessaging: Not under compatible directories
Excluding module MovieRenderPipelineMP4Encoder: Not under compatible directories
Excluding module MutableRuntime: Not under compatible directories
Excluding module MutableTools: Not under compatible directories
Excluding module MutableValidation: Not under compatible directories
Excluding module NUTUnrealEngine: Not under compatible directories
Excluding module NetcodeUnitTest: Not under compatible directories
Excluding module AndroidFetchBackgroundDownload: Not under compatible directories
Excluding module OnlineBase: Not under compatible directories
Excluding module EOSVoiceChat: Not under compatible directories
Excluding module VoiceChat: Not under compatible directories
Excluding module PCGExternalDataInteropEditor: Not under compatible directories
Excluding module PCGExternalDataInterop: Not under compatible directories
Excluding module PCGGeometryScriptInterop: Not under compatible directories
Excluding module PCGPythonInteropEditor: Not under compatible directories
Excluding module PCGCompute: Not under compatible directories
Excluding module PCGEditor: Not under compatible directories
Excluding module PCG: Not under compatible directories
Excluding module PerformanceMonitor: Not under compatible directories
Excluding module RenderGraphInsights: Not under compatible directories
Excluding module ADMSpatialization: Not under compatible directories
Excluding module GoogleARCoreServices: Not under compatible directories
Excluding module GoogleARCoreBase: Not under compatible directories
Excluding module IOSTapJoy: Not under compatible directories
Excluding module AndroidAdjust: Not under compatible directories
Excluding module IOSAdjust: Not under compatible directories
Excluding module AnalyticsBlueprintLibrary: Not under compatible directories
Excluding module AnalyticsMulticast: Not under compatible directories
Excluding module FileLogging: Not under compatible directories
Excluding module AndroidBackgroundService: Not under compatible directories
Excluding module AndroidDeviceProfileSelectorRuntime: Not under compatible directories
Excluding module AndroidFileServerEditor: Not under compatible directories
Excluding module AndroidMoviePlayer: Not under compatible directories
Excluding module AppleImageUtilsBlueprintSupport: Not under compatible directories
Excluding module AppleImageUtils: Not under compatible directories
Excluding module AppleMoviePlayer: Not under compatible directories
Excluding module ArchVisCharacter: Not under compatible directories
Excluding module AssetTags: Not under compatible directories
Excluding module AudioCapture: Not under compatible directories
Excluding module AudioModulation: Not under compatible directories
Excluding module AudioSynesthesiaCore: Not under compatible directories
Excluding module AudioSynesthesia: Not under compatible directories
Excluding module CableComponent: Not under compatible directories
Excluding module ComputeFrameworkEditor: Not under compatible directories
Excluding module ComputeFramework: Not under compatible directories
Excluding module CustomMeshComponent: Not under compatible directories
Excluding module DataRegistryEditor: Not under compatible directories
Excluding module DataRegistry: Not under compatible directories
Excluding module ADOSupport: Not under compatible directories
Excluding module DatabaseSupport: Not under compatible directories
Excluding module RemoteDatabaseSupport: Not under compatible directories
Excluding module SQLiteCore: Not under compatible directories
Excluding module SQLiteSupport: Not under compatible directories
Excluding module ExampleDeviceProfileSelector: Not under compatible directories
Excluding module ExternalGPUStatistics: Not under compatible directories
Excluding module Firebase: Not under compatible directories
Excluding module GameFeaturesEditor: Not under compatible directories
Excluding module GameFeatures: Not under compatible directories
Excluding module GameInputBase: Not under compatible directories
Excluding module GameInputWindowsLibrary: Not under compatible directories
Excluding module GameplayAbilitiesEditor: Not under compatible directories
Excluding module GameplayAbilities: Not under compatible directories
Excluding module GameplayInteractionsModule: Not under compatible directories
Excluding module GameplayStateTreeModule: Not under compatible directories
Excluding module GeometryCacheSequencer: Not under compatible directories
Excluding module GeometryCacheStreamer: Not under compatible directories
Excluding module GeometryCacheTracks: Not under compatible directories
Excluding module GoogleCloudMessaging: Not under compatible directories
Excluding module GooglePADEditor: Not under compatible directories
Excluding module HPMotionController: Not under compatible directories
Excluding module HairStrandsCore: Not under compatible directories
Excluding module HairStrandsDataflow: Not under compatible directories
Excluding module HairStrandsDeformer: Not under compatible directories
Excluding module HairStrandsEditor: Not under compatible directories
Excluding module HairStrandsRuntime: Not under compatible directories
Excluding module HairStrandsSolver: Not under compatible directories
Excluding module IOSDeviceProfileSelector: Not under compatible directories
Excluding module IOSReplayKit: Not under compatible directories
Excluding module InputDebuggingEditor: Not under compatible directories
Excluding module InputDebugging: Not under compatible directories
Excluding module InstancedActorsEditor: Not under compatible directories
Excluding module InstancedActorsTestSuite: Not under compatible directories
Excluding module InstancedActors: Not under compatible directories
Excluding module LevelStreamingPersistence: Not under compatible directories
Excluding module LinuxDeviceProfileSelector: Not under compatible directories
Excluding module LocationServicesAndroidImpl: Not under compatible directories
Excluding module LocationServicesBPLibrary: Not under compatible directories
Excluding module LocationServicesIOSImpl: Not under compatible directories
Excluding module MIDIDevice: Not under compatible directories
Excluding module MassActors: Not under compatible directories
Excluding module MassCommon: Not under compatible directories
Excluding module MassEQS: Not under compatible directories
Excluding module MassGameplayDebug: Not under compatible directories
Excluding module MassGameplayEditor: Not under compatible directories
Excluding module MassGameplayExternalTraits: Not under compatible directories
Excluding module MassGameplayTestSuite: Not under compatible directories
Excluding module MassLOD: Not under compatible directories
Excluding module MassMovementEditor: Not under compatible directories
Excluding module MassMovement: Not under compatible directories
Excluding module MassReplication: Not under compatible directories
Excluding module MassRepresentation: Not under compatible directories
Excluding module MassSignals: Not under compatible directories
Excluding module MassSimulation: Not under compatible directories
Excluding module MassSmartObjects: Not under compatible directories
Excluding module MassSpawner: Not under compatible directories
Excluding module DummyMeshReconstructor: Not under compatible directories
Excluding module MetasoundEditor: Not under compatible directories
Excluding module MetasoundEngineTest: Not under compatible directories
Excluding module MetasoundEngine: Not under compatible directories
Excluding module MetasoundFrontend: Not under compatible directories
Excluding module MetasoundGenerator: Not under compatible directories
Excluding module MetasoundGraphCore: Not under compatible directories
Excluding module MetasoundStandardNodes: Not under compatible directories
Excluding module MobilePatchingUtils: Not under compatible directories
Excluding module MsQuicRuntime: Not under compatible directories
Excluding module NavCorridor: Not under compatible directories
Excluding module NetworkPredictionExtrasLatentLoad: Not under compatible directories
Excluding module NetworkPredictionExtras: Not under compatible directories
Excluding module NetworkPredictionInsights: Not under compatible directories
Excluding module NetworkPrediction: Not under compatible directories
Excluding module Reflex: Not under compatible directories
Excluding module OSC: Not under compatible directories
Excluding module OpenXREyeTracker: Not under compatible directories
Excluding module OpenXRHandTracking: Not under compatible directories
Excluding module OpenXRMsftHandInteraction: Not under compatible directories
Excluding module OpenXRViveTracker: Not under compatible directories
Excluding module OpenXRHMD: Not under compatible directories
Excluding module OpenXRInput: Not under compatible directories
Excluding module OptionalMobileFeaturesBPLibrary: Not under compatible directories
Excluding module ProceduralMeshComponentEditor: Not under compatible directories
Excluding module ProceduralMeshComponent: Not under compatible directories
Excluding module PropertyBindingUtilsEditor: Not under compatible directories
Excluding module PropertyBindingUtilsTestSuite: Not under compatible directories
Excluding module PropertyBindingUtils: Not under compatible directories
Excluding module ReplicationSystemTestPlugin: Not under compatible directories
Excluding module ResonanceAudioEditor: Not under compatible directories
Excluding module SmartObjectsEditorModule: Not under compatible directories
Excluding module SmartObjectsModule: Not under compatible directories
Excluding module SmartObjectsTestSuite: Not under compatible directories
Excluding module SoundMod: Not under compatible directories
Excluding module SoundUtilitiesEditor: Not under compatible directories
Excluding module SoundUtilities: Not under compatible directories
Excluding module SoundscapeEditor: Not under compatible directories
Excluding module Soundscape: Not under compatible directories
Excluding module StateTreeDeveloper: Not under compatible directories
Excluding module StateTreeEditorModule: Not under compatible directories
Excluding module StateTreeModule: Not under compatible directories
Excluding module StateTreeTestSuite: Not under compatible directories
Excluding module SteamAudio: Not under compatible directories
Excluding module SunPosition: Not under compatible directories
Excluding module SynthesisEditor: Not under compatible directories
Excluding module Synthesis: Not under compatible directories
Excluding module USDClasses: Not under compatible directories
Excluding module USDUtilities: Not under compatible directories
Excluding module UnrealUSDWrapper: Not under compatible directories
Excluding module WaveTable: Not under compatible directories
Excluding module WebBrowserNativeProxy: Not under compatible directories
Excluding module WebBrowserWidget: Not under compatible directories
Excluding module WindowsDeviceProfileSelector: Not under compatible directories
Excluding module WindowsMoviePlayer: Not under compatible directories
Excluding module WinDualShock: Not under compatible directories
Excluding module WinVirtualKeyboard: Not under compatible directories
Excluding module XInputDevice: Not under compatible directories
Excluding module WorldConditionsEditor: Not under compatible directories
Excluding module WorldConditionsTestSuite: Not under compatible directories
Excluding module WorldConditions: Not under compatible directories
Excluding module XRBaseEditor: Not under compatible directories
Excluding module XRBase: Not under compatible directories
Excluding module XRScribe: Not under compatible directories
Excluding module XRVisualization: Not under compatible directories
Excluding module ZoneGraphAnnotations: Not under compatible directories
Excluding module ZoneGraphDebug: Not under compatible directories
Excluding module ZoneGraphEditor: Not under compatible directories
Excluding module ZoneGraphTestSuite: Not under compatible directories
Excluding module ZoneGraph: Not under compatible directories
Excluding module SharedMemoryMediaEditor: Not under compatible directories
Excluding module SharedMemoryMedia: Not under compatible directories
Excluding module ScriptEditorPlugin: Not under compatible directories
Excluding module ScriptPlugin: Not under compatible directories
Excluding module SlateInsights: Not under compatible directories
Excluding module SlateScriptingCommands: Not under compatible directories
Excluding module InterchangeTestEditor: Not under compatible directories
Excluding module InterchangeTests: Not under compatible directories
Excluding module CameraCalibrationCoreEditor: Not under compatible directories
Excluding module CameraCalibrationCore: Not under compatible directories
Excluding module CameraCalibrationML: Not under compatible directories
Excluding module CameraCalibrationEditor: Not under compatible directories
Excluding module CineAssemblyToolsEditor: Not under compatible directories
Excluding module CineAssemblyTools: Not under compatible directories
Excluding module LensComponentEditor: Not under compatible directories
Excluding module LensComponent: Not under compatible directories
Excluding module RemoteControlMultiUser: Not under compatible directories
Excluding module RivermaxMediaFactory: Not under compatible directories
Excluding module StormSyncTransportClient: Not under compatible directories
Excluding module StormSyncTransportCore: Not under compatible directories
Excluding module StormSyncTransportServer: Not under compatible directories
Excluding module DecoupledOutputProvider: Not under compatible directories
Excluding module PixelStreamingVCam: Not under compatible directories
Excluding module Shaders: Not under compatible directories
Excluding module AndroidAdvertising: Excluded folder name
Excluding module IOSAdvertising: Excluded folder name
Excluding module LaunchDaemonMessages: Excluded folder name
Excluding module VisualStudioDTE: Not under compatible directories
Excluding module LiveLinkHubLauncher: Not under compatible directories
Excluding module DotNetPerforceLib: Not under compatible directories
Excluding module FileSDK: Not under compatible directories
Excluding module ChestoryEditor: Not under compatible directories
Excluding module Chestory: Not under compatible directories
Excluding module EOSCoreEditor: Not under compatible directories
Excluding module EOSCoreShared: Not under compatible directories
Excluding module EOSCoreWeb: Not under compatible directories
Excluding module EOSCore: Not under compatible directories
Excluding module OnlineSubsystemEOSCore: Not under compatible directories
Excluding module EOSLibrary: Not under compatible directories
Excluding module DeviceFrameworkModule: Not under compatible directories
Excluding module EditorOnly: Not under compatible directories
Excluding module FileIOUtilityModule: Not under compatible directories
Excluding module NetworkUtilityModule: Not under compatible directories
Excluding module SystemUtilityModule: Not under compatible directories
Excluding module DistributedBuildInterface: Not precompiled for target 'Editor'
Excluding module IoStoreOnDemandTests: Not precompiled for target 'Editor'
Excluding module EventLoopUnitTests: Not precompiled for target 'Editor'
Excluding module OodleDataCompression: Not precompiled for target 'Editor'
Excluding module SymsLib: Not precompiled for target 'Editor'
Excluding module UEJpegComp: Not precompiled for target 'Editor'
Excluding module UEWavComp: Not precompiled for target 'Editor'
Excluding module VulkanRHI: Not precompiled for target 'Editor'
Excluding module LowLevelTestsRunner: Not precompiled for target 'Editor'
Excluding module OnlineSubsystemTencent: Not precompiled for target 'Editor'
Excluding module VoiceChat: Not precompiled for target 'Editor'
Excluding module ReplicationSystemTestPlugin: Not precompiled for target 'Editor'
@progress 'Creating Build Targets' 100%
Creating Build Targets took 2.10s
Binding IntelliSense data...
@progress 'Binding IntelliSense data...' 0%
Compiler: C:\Program Files\Microsoft Visual Studio\18\Enterprise\VC\Tools\MSVC\14.50.35717\bin\Hostx64\x64\cl.exe
Linker: C:\Program Files\Microsoft Visual Studio\18\Enterprise\VC\Tools\MSVC\14.50.35717\bin\Hostx64\x64\link.exe
Library Manager: C:\Program Files\Microsoft Visual Studio\18\Enterprise\VC\Tools\MSVC\14.50.35717\bin\Hostx64\x64\link.exe
Resource Compiler: C:\Program Files (x86)\Windows Kits\10\bin\10.0.26100.0\x64\rc.exe
Found 5 shared PCH headers (listed in order of preference):
	UnrealEd
	Engine
	Slate
	CoreUObject
	Core
@progress 'Binding IntelliSense data...' 1%
@progress 'Binding IntelliSense data...' 2%
@progress 'Binding IntelliSense data...' 3%
@progress 'Binding IntelliSense data...' 4%
@progress 'Binding IntelliSense data...' 5%
@progress 'Binding IntelliSense data...' 6%
@progress 'Binding IntelliSense data...' 7%
@progress 'Binding IntelliSense data...' 8%
@progress 'Binding IntelliSense data...' 9%
@progress 'Binding IntelliSense data...' 10%
@progress 'Binding IntelliSense data...' 11%
@progress 'Binding IntelliSense data...' 12%
@progress 'Binding IntelliSense data...' 13%
@progress 'Binding IntelliSense data...' 14%
@progress 'Binding IntelliSense data...' 15%
@progress 'Binding IntelliSense data...' 16%
@progress 'Binding IntelliSense data...' 17%
@progress 'Binding IntelliSense data...' 18%
@progress 'Binding IntelliSense data...' 19%
@progress 'Binding IntelliSense data...' 20%
@progress 'Binding IntelliSense data...' 21%
@progress 'Binding IntelliSense data...' 22%
@progress 'Binding IntelliSense data...' 23%
@progress 'Binding IntelliSense data...' 24%
@progress 'Binding IntelliSense data...' 25%
@progress 'Binding IntelliSense data...' 26%
@progress 'Binding IntelliSense data...' 27%
@progress 'Binding IntelliSense data...' 28%
@progress 'Binding IntelliSense data...' 29%
@progress 'Binding IntelliSense data...' 30%
@progress 'Binding IntelliSense data...' 31%
@progress 'Binding IntelliSense data...' 32%
@progress 'Binding IntelliSense data...' 33%
@progress 'Binding IntelliSense data...' 34%
@progress 'Binding IntelliSense data...' 35%
@progress 'Binding IntelliSense data...' 36%
@progress 'Binding IntelliSense data...' 37%
@progress 'Binding IntelliSense data...' 38%
@progress 'Binding IntelliSense data...' 39%
@progress 'Binding IntelliSense data...' 40%
@progress 'Binding IntelliSense data...' 41%
@progress 'Binding IntelliSense data...' 42%
@progress 'Binding IntelliSense data...' 43%
@progress 'Binding IntelliSense data...' 44%
@progress 'Binding IntelliSense data...' 45%
@progress 'Binding IntelliSense data...' 46%
@progress 'Binding IntelliSense data...' 47%
@progress 'Binding IntelliSense data...' 48%
@progress 'Binding IntelliSense data...' 49%
@progress 'Binding IntelliSense data...' 50%
@progress 'Binding IntelliSense data...' 51%
@progress 'Binding IntelliSense data...' 52%
@progress 'Binding IntelliSense data...' 53%
@progress 'Binding IntelliSense data...' 54%
@progress 'Binding IntelliSense data...' 55%
@progress 'Binding IntelliSense data...' 56%
@progress 'Binding IntelliSense data...' 57%
@progress 'Binding IntelliSense data...' 58%
@progress 'Binding IntelliSense data...' 59%
@progress 'Binding IntelliSense data...' 60%
@progress 'Binding IntelliSense data...' 61%
@progress 'Binding IntelliSense data...' 62%
@progress 'Binding IntelliSense data...' 63%
@progress 'Binding IntelliSense data...' 64%
@progress 'Binding IntelliSense data...' 65%
@progress 'Binding IntelliSense data...' 66%
@progress 'Binding IntelliSense data...' 67%
@progress 'Binding IntelliSense data...' 68%
@progress 'Binding IntelliSense data...' 69%
@progress 'Binding IntelliSense data...' 70%
@progress 'Binding IntelliSense data...' 71%
@progress 'Binding IntelliSense data...' 72%
@progress 'Binding IntelliSense data...' 73%
@progress 'Binding IntelliSense data...' 74%
@progress 'Binding IntelliSense data...' 75%
@progress 'Binding IntelliSense data...' 76%
@progress 'Binding IntelliSense data...' 77%
@progress 'Binding IntelliSense data...' 78%
@progress 'Binding IntelliSense data...' 79%
@progress 'Binding IntelliSense data...' 80%
@progress 'Binding IntelliSense data...' 81%
@progress 'Binding IntelliSense data...' 82%
@progress 'Binding IntelliSense data...' 83%
@progress 'Binding IntelliSense data...' 84%
@progress 'Binding IntelliSense data...' 85%
@progress 'Binding IntelliSense data...' 86%
@progress 'Binding IntelliSense data...' 87%
@progress 'Binding IntelliSense data...' 88%
@progress 'Binding IntelliSense data...' 89%
@progress 'Binding IntelliSense data...' 90%
@progress 'Binding IntelliSense data...' 91%
@progress 'Binding IntelliSense data...' 92%
@progress 'Binding IntelliSense data...' 93%
@progress 'Binding IntelliSense data...' 94%
@progress 'Binding IntelliSense data...' 95%
@progress 'Binding IntelliSense data...' 96%
@progress 'Binding IntelliSense data...' 97%
@progress 'Binding IntelliSense data...' 98%
@progress 'Binding IntelliSense data...' 99%
@progress 'Binding IntelliSense data...' 100%
Binding IntelliSense data took 41.03s
Writing project files...
@progress 'Writing project files...' 0%
Saved BTA_Launcher.vcxproj
Saved BTA_Launcher.vcxproj.filters
Saved BTA_Launcher.vcxproj.user
@progress 'Writing project files...' 33%
Saved UE5.vcxproj
Saved UE5.vcxproj.filters
Saved UE5.vcxproj.user
@progress 'Writing project files...' 67%
Saved BTA_Launcher.sln
Saved .vsconfig
@progress 'Writing project files...' 100%
Writing project files took 5.60s
Project generation complete (2 generated, 52 imported)

Generating QueryTargets data for editor...
Compiling Rules Assemblies
@progress 'Compiling Rules Assemblies' 0%
@progress 'Compiling Rules Assemblies' 50%
@progress 'Compiling Rules Assemblies' 100%
Writing Query Target Info
@progress 'Writing Query Target Info' 0%
@progress 'Writing Query Target Info' 50%
@progress 'Writing Query Target Info' 100%
Generating QueryTargets data for editor took 0.02s
WriteFileIfChanged() wrote 2100 changed files of 2102 requested writes.

Result: Succeeded
Total execution time: 56.03 seconds
